,id,city,loc,per_pay,score,comment,shop_level,cate_1,cate_2,cate_3,city_level
0,1,湖州,885,8,4.0,12.0,3,美食,休闲茶饮,饮品/甜点,1
1,2,哈尔滨,64,19,,,2,超市便利店,超市,,1
2,3,南昌,774,5,3.0,2.0,1,美食,休闲茶饮,奶茶,2
3,4,天津,380,18,,,2,超市便利店,超市,,2
4,5,杭州,263,2,2.0,2.0,1,美食,休闲食品,生鲜水果,5
5,6,大连,1139,13,3.0,1.0,1,美食,烘焙糕点,面包,2
6,7,绍兴,145,13,3.0,9.0,3,美食,快餐,西式快餐,3
7,8,杭州,234,16,3.0,1.0,1,美食,休闲食品,生鲜水果,5
8,9,杭州,1120,15,4.0,0.0,2,超市便利店,超市,,5
9,10,孝感,98,10,,,1,超市便利店,超市,,1
10,11,上海,134,12,3.0,1.0,1,美食,小吃,其它小吃,5
11,12,宁波,786,20,1.0,2.0,1,美食,中餐,东北菜,3
12,13,杭州,286,6,0.0,2.0,1,美食,快餐,中式快餐,5
13,14,深圳,862,7,1.0,4.0,3,美食,快餐,中式快餐,4
14,15,西安,101,19,,,1,超市便利店,超市,,2
15,16,武汉,510,17,3.0,3.0,3,美食,小吃,其它小吃,5
16,17,厦门,707,15,2.0,7.0,3,美食,快餐,西式快餐,3
17,18,福州,260,7,4.0,1.0,1,美食,火锅,麻辣烫/串串香,3
18,19,上海,701,11,3.0,5.0,3,美食,休闲茶饮,饮品/甜点,5
19,20,广州,251,5,2.0,3.0,1,美食,汤/粥/煲/砂锅/炖菜,粥,5
20,21,上海,860,9,3.0,1.0,1,美食,烘焙糕点,蛋糕,5
21,22,重庆,777,6,2.0,3.0,3,美食,烘焙糕点,面包,2
22,23,青岛,645,3,3.0,0.0,2,超市便利店,便利店,,3
23,24,温州,1058,12,2.0,2.0,2,美食,其他美食,西餐,4
24,25,昆明,354,14,3.0,9.0,3,美食,快餐,西式快餐,1
25,26,厦门,620,12,1.0,3.0,2,美食,快餐,中式快餐,3
26,27,济南,109,2,3.0,2.0,2,美食,快餐,中式快餐,3
27,28,泉州,975,14,2.0,4.0,3,美食,快餐,西式快餐,1
28,29,广州,552,6,1.0,2.0,1,美食,小吃,米粉/米线,5
29,30,中山,498,7,2.0,2.0,3,美食,快餐,西式快餐,1
30,31,北京,571,18,,,2,超市便利店,超市,,5
31,32,杭州,789,2,4.0,0.0,2,超市便利店,便利店,,5
32,33,成都,1159,20,,,2,超市便利店,超市,,3
33,34,南京,680,4,3.0,10.0,1,美食,休闲茶饮,奶茶,5
34,35,东莞,296,18,2.0,0.0,1,超市便利店,超市,,2
35,36,中山,795,17,4.0,0.0,1,超市便利店,超市,,1
36,37,上海,639,9,3.0,4.0,3,美食,快餐,西式快餐,5
37,38,广州,36,2,3.0,0.0,1,超市便利店,便利店,,5
38,39,上海,205,9,2.0,6.0,1,美食,休闲食品,生鲜水果,5
39,40,湖州,1125,18,,,1,超市便利店,超市,,1
40,41,上海,1054,10,3.0,9.0,3,美食,快餐,西式快餐,5
41,42,武汉,198,1,3.0,2.0,1,美食,休闲茶饮,奶茶,5
42,43,上饶,102,15,2.0,3.0,3,美食,快餐,西式快餐,1
43,44,郑州,1088,20,4.0,5.0,3,美食,火锅,川味/重庆火锅,2
44,45,宁波,436,16,1.0,0.0,1,美食,中餐,川菜,3
45,46,南京,575,10,0.0,0.0,2,超市便利店,超市,,5
46,47,北京,322,6,,,2,超市便利店,便利店,,5
47,48,绍兴,516,18,,,1,超市便利店,超市,,3
48,49,南通,253,19,3.0,0.0,2,超市便利店,超市,,2
49,50,上海,93,14,3.0,0.0,3,美食,烘焙糕点,面包,5
50,51,北京,659,12,2.0,3.0,3,美食,快餐,中式快餐,5
51,52,绍兴,192,7,3.0,2.0,1,美食,休闲茶饮,奶茶,3
52,53,杭州,264,2,,,2,超市便利店,便利店,,5
53,54,武汉,423,9,0.0,0.0,2,超市便利店,超市,,5
54,55,上海,357,10,3.0,8.0,3,美食,快餐,西式快餐,5
55,56,成都,55,14,3.0,6.0,3,美食,快餐,西式快餐,3
56,57,上海,229,14,2.0,8.0,3,美食,快餐,西式快餐,5
57,58,杭州,1093,19,3.0,2.0,2,超市便利店,超市,,5
58,59,上海,229,4,,,2,超市便利店,便利店,,5
59,60,成都,730,8,3.0,5.0,3,美食,烘焙糕点,面包,3
60,61,厦门,203,4,3.0,1.0,1,美食,小吃,面点,3
61,62,盐城,872,15,3.0,7.0,3,美食,快餐,西式快餐,1
62,63,温州,158,17,,,1,超市便利店,超市,,4
63,64,成都,197,1,4.0,6.0,1,美食,休闲茶饮,冰激凌,3
64,65,上海,731,20,,,2,超市便利店,超市,,5
65,66,宁波,58,2,1.0,0.0,2,超市便利店,便利店,,3
66,67,南京,297,7,1.0,2.0,1,美食,小吃,面点,5
67,68,广州,490,3,,,2,超市便利店,便利店,,5
68,69,南京,422,14,3.0,1.0,1,休闲娱乐,网吧网咖,,5
69,70,北京,667,15,4.0,2.0,3,美食,烘焙糕点,蛋糕,5
70,71,北京,761,9,3.0,2.0,2,美食,烘焙糕点,面包,5
71,72,广州,552,17,4.0,0.0,2,超市便利店,超市,,5
72,73,苏州,780,16,,,1,超市便利店,超市,,4
73,74,上海,898,12,1.0,1.0,1,美食,快餐,其它快餐,5
74,75,济南,1104,1,4.0,1.0,1,美食,休闲茶饮,奶茶,3
75,76,厦门,687,19,3.0,1.0,1,美食,烘焙糕点,面包,3
76,77,宁波,429,17,1.0,2.0,1,美食,休闲茶饮,咖啡厅,3
77,78,上海,699,8,1.0,1.0,1,美食,快餐,中式快餐,5
78,79,上海,1033,15,2.0,3.0,2,美食,快餐,中式快餐,5
79,80,金华,874,17,,,1,超市便利店,超市,,3
80,81,上海,943,3,3.0,0.0,1,美食,休闲食品,生鲜水果,5
81,82,广州,47,6,1.0,4.0,2,美食,中餐,粤菜,5
82,83,无锡,180,12,3.0,5.0,2,美食,快餐,西式快餐,3
83,84,上海,697,11,3.0,3.0,1,美食,烘焙糕点,面包,5
84,85,苏州,138,12,3.0,5.0,3,美食,快餐,西式快餐,4
85,86,成都,910,19,3.0,0.0,2,超市便利店,超市,,3
86,87,福州,122,5,2.0,1.0,1,美食,快餐,中式快餐,3
87,88,温州,665,13,3.0,13.0,3,美食,快餐,西式快餐,4
88,89,重庆,754,17,4.0,0.0,2,超市便利店,超市,,2
89,90,上海,507,15,3.0,6.0,3,美食,烘焙糕点,面包,5
90,91,福州,930,18,,,1,超市便利店,超市,,3
91,92,成都,818,19,4.0,0.0,2,超市便利店,超市,,3
92,93,深圳,813,5,0.0,1.0,1,美食,快餐,中式快餐,4
93,94,深圳,79,10,3.0,1.0,1,美食,烘焙糕点,其它烘焙糕点,4
94,95,济南,682,4,3.0,1.0,1,美食,小吃,面点,3
95,96,武汉,65,1,3.0,2.0,1,美食,小吃,面点,5
96,97,廊坊,240,4,3.0,0.0,1,美食,休闲食品,生鲜水果,1
97,98,广州,587,12,1.0,1.0,2,美食,快餐,中式快餐,5
98,99,沈阳,692,5,4.0,1.0,1,美食,休闲食品,生鲜水果,2
99,100,南京,215,8,3.0,13.0,3,美食,快餐,西式快餐,5
100,101,温州,585,5,3.0,3.0,1,美食,烧烤,中式烧烤,4
101,102,杭州,914,13,,,1,超市便利店,超市,,5
102,103,北京,977,4,1.0,1.0,1,美食,小吃,其它小吃,5
103,104,福州,939,13,2.0,5.0,3,美食,快餐,西式快餐,3
104,105,苏州,15,14,3.0,7.0,3,美食,快餐,西式快餐,4
105,106,广州,309,2,4.0,0.0,1,超市便利店,便利店,,5
106,107,杭州,1093,7,3.0,3.0,1,美食,休闲茶饮,奶茶,5
107,108,上海,1010,8,2.0,3.0,3,美食,快餐,西式快餐,5
108,109,金华,622,11,,,1,超市便利店,便利店,,3
109,110,北京,982,7,,,2,超市便利店,便利店,,5
110,111,北京,430,9,3.0,3.0,3,美食,休闲茶饮,饮品/甜点,5
111,112,珠海,204,18,3.0,0.0,2,超市便利店,超市,,1
112,113,厦门,1107,1,,,1,超市便利店,超市,,3
113,114,上海,134,9,3.0,15.0,3,美食,快餐,西式快餐,5
114,115,杭州,89,6,2.0,6.0,1,美食,快餐,中式快餐,5
115,116,杭州,386,2,,,1,超市便利店,超市,,5
116,117,杭州,523,20,0.0,3.0,3,美食,中餐,江浙菜,5
117,118,北京,652,8,2.0,0.0,1,美食,快餐,中式快餐,5
118,119,保定,1087,10,3.0,2.0,3,美食,快餐,西式快餐,1
119,120,杭州,1111,14,,,1,超市便利店,超市,,5
120,121,上海,406,8,3.0,3.0,3,美食,快餐,中式快餐,5
121,122,上海,572,16,3.0,1.0,1,美食,快餐,其它快餐,5
122,123,北京,114,10,2.0,3.0,1,美食,休闲食品,生鲜水果,5
123,124,杭州,1094,17,3.0,0.0,2,超市便利店,超市,,5
124,125,大连,877,11,4.0,3.0,3,美食,快餐,西式快餐,2
125,126,成都,112,5,3.0,0.0,1,美食,小吃,其它小吃,3
126,127,武汉,317,13,1.0,3.0,2,美食,快餐,西式快餐,5
127,128,温州,665,20,2.0,1.0,3,美食,其他美食,西餐,4
128,129,宁波,46,20,4.0,0.0,2,超市便利店,超市,,3
129,130,南京,130,18,4.0,0.0,2,超市便利店,超市,,5
130,131,武汉,917,15,4.0,3.0,1,美食,休闲食品,生鲜水果,5
131,132,柳州,768,13,3.0,2.0,1,美食,快餐,西式快餐,1
132,133,广州,494,10,2.0,2.0,1,美食,快餐,中式快餐,5
133,134,宁波,764,1,3.0,1.0,1,美食,小吃,其它小吃,3
134,135,上海,828,7,4.0,4.0,1,美食,休闲茶饮,奶茶,5
135,136,武汉,510,10,3.0,3.0,3,美食,烘焙糕点,面包,5
136,137,宁波,436,15,3.0,1.0,1,美食,烘焙糕点,面包,3
137,138,上海,642,16,1.0,4.0,1,美食,小吃,面点,5
138,139,上海,244,12,3.0,4.0,2,美食,快餐,西式快餐,5
139,140,北京,1043,5,,,2,超市便利店,便利店,,5
140,141,北京,658,17,,,1,超市便利店,超市,,5
141,142,杭州,789,2,,,2,超市便利店,便利店,,5
142,143,北京,476,3,2.0,2.0,1,美食,快餐,中式快餐,5
143,144,上海,1054,5,4.0,2.0,1,美食,休闲茶饮,奶茶,5
144,145,台州,988,15,2.0,5.0,3,美食,快餐,西式快餐,1
145,146,福州,1075,19,,,2,超市便利店,超市,,3
146,147,广州,552,3,2.0,0.0,2,超市便利店,便利店,,5
147,148,武汉,737,5,,,1,超市便利店,便利店,,5
148,149,厦门,955,3,2.0,4.0,1,美食,小吃,其它小吃,3
149,150,厦门,1080,12,4.0,2.0,1,美食,休闲茶饮,饮品/甜点,3
150,151,上海,809,9,2.0,3.0,2,美食,快餐,西式快餐,5
151,152,武汉,557,16,3.0,1.0,3,美食,休闲食品,零食,5
152,153,黄冈,515,17,,,2,超市便利店,超市,,1
153,154,福州,330,1,1.0,0.0,1,美食,休闲食品,零食,3
154,155,江门,635,7,3.0,7.0,3,美食,快餐,西式快餐,1
155,156,惠州,334,18,,,1,超市便利店,超市,,1
156,157,北京,1154,14,3.0,7.0,3,美食,快餐,西式快餐,5
157,158,温州,840,8,3.0,2.0,1,美食,休闲食品,生鲜水果,4
158,159,金华,595,15,3.0,6.0,3,美食,快餐,西式快餐,3
159,160,上海,153,2,4.0,0.0,2,超市便利店,便利店,,5
160,161,南京,832,5,2.0,2.0,1,美食,小吃,其它小吃,5
161,162,广州,343,2,3.0,0.0,1,超市便利店,便利店,,5
162,163,杭州,778,17,4.0,0.0,1,超市便利店,超市,,5
163,164,武汉,435,1,3.0,1.0,1,美食,汤/粥/煲/砂锅/炖菜,砂锅/煲类/炖菜,5
164,165,南京,680,6,4.0,1.0,1,美食,休闲茶饮,饮品/甜点,5
165,166,北京,632,19,3.0,4.0,1,美食,其他美食,日韩料理,5
166,167,宁波,252,1,4.0,5.0,1,美食,小吃,其它小吃,3
167,168,杭州,672,10,,,1,超市便利店,超市,,5
168,169,南京,434,20,3.0,5.0,1,美食,中餐,西北菜,5
169,170,天津,43,18,4.0,0.0,2,超市便利店,超市,,2
170,171,上海,709,8,3.0,7.0,3,美食,快餐,西式快餐,5
171,172,北京,1005,19,4.0,0.0,2,超市便利店,超市,,5
172,173,南京,66,16,,,2,超市便利店,超市,,5
173,174,温州,936,2,4.0,3.0,1,美食,休闲食品,生鲜水果,4
174,175,武汉,435,18,4.0,0.0,2,超市便利店,超市,,5
175,176,常州,385,6,3.0,3.0,1,美食,休闲茶饮,奶茶,2
176,177,上海,415,11,3.0,5.0,3,美食,快餐,西式快餐,5
177,178,上海,630,16,,,1,超市便利店,超市,,5
178,179,嘉兴,1136,10,3.0,3.0,3,美食,快餐,中式快餐,2
179,180,苏州,729,16,,,1,超市便利店,超市,,4
180,181,黄石,529,14,2.0,6.0,3,美食,快餐,西式快餐,1
181,182,聊城,455,11,3.0,2.0,3,美食,快餐,西式快餐,1
182,183,北京,42,9,3.0,12.0,3,美食,快餐,西式快餐,5
183,184,北京,464,17,2.0,2.0,1,美食,中餐,其它地方菜,5
184,185,广州,522,9,2.0,3.0,1,美食,休闲食品,其它休闲食品,5
185,186,苏州,504,13,3.0,9.0,3,美食,快餐,西式快餐,4
186,187,惠州,83,8,2.0,5.0,3,美食,快餐,西式快餐,1
187,188,苏州,990,9,4.0,3.0,3,美食,休闲茶饮,饮品/甜点,4
188,189,无锡,984,17,,,2,超市便利店,超市,,3
189,190,深圳,734,14,1.0,4.0,3,美食,快餐,西式快餐,4
190,191,深圳,531,7,3.0,4.0,2,美食,快餐,西式快餐,4
191,192,东莞,858,14,2.0,4.0,3,美食,快餐,西式快餐,2
192,193,西安,1070,13,3.0,9.0,3,美食,快餐,西式快餐,2
193,194,上海,1032,5,3.0,1.0,1,美食,休闲茶饮,奶茶,5
194,195,孝感,98,19,1.0,4.0,3,美食,其他美食,西餐,1
195,196,深圳,407,15,1.0,3.0,3,美食,快餐,西式快餐,4
196,197,绍兴,1063,9,3.0,2.0,1,美食,烘焙糕点,面包,3
197,198,南京,399,8,1.0,1.0,1,美食,快餐,中式快餐,5
198,199,苏州,1034,15,,,1,超市便利店,超市,,4
199,200,上海,478,16,1.0,9.0,3,美食,快餐,西式快餐,5
200,201,南京,1053,4,3.0,0.0,1,美食,小吃,其它小吃,5
201,202,厦门,1107,1,2.0,1.0,1,美食,休闲食品,生鲜水果,3
202,203,上海,356,18,,,2,超市便利店,超市,,5
203,204,佛山,738,10,3.0,3.0,3,美食,快餐,西式快餐,2
204,205,杭州,280,9,4.0,2.0,2,美食,烘焙糕点,蛋糕,5
205,206,南宁,353,20,1.0,1.0,3,美食,中餐,粤菜,2
206,207,北京,396,17,3.0,5.0,3,美食,中餐,川菜,5
207,208,北京,580,17,,,1,超市便利店,超市,,5
208,209,常州,743,11,3.0,3.0,3,美食,休闲茶饮,饮品/甜点,2
209,210,武汉,788,14,3.0,7.0,3,美食,小吃,其它小吃,5
210,211,深圳,966,12,2.0,9.0,3,美食,快餐,西式快餐,4
211,212,南通,995,20,1.0,1.0,1,美食,中餐,江浙菜,2
212,213,温州,1058,1,4.0,2.0,1,美食,休闲食品,生鲜水果,4
213,214,深圳,1109,20,1.0,1.0,3,美食,中餐,江浙菜,4
214,215,北京,77,4,3.0,7.0,1,美食,休闲茶饮,奶茶,5
215,216,北京,376,14,4.0,3.0,3,美食,烘焙糕点,蛋糕,5
216,217,杭州,1092,13,3.0,20.0,3,美食,快餐,西式快餐,5
217,218,北京,1043,2,,,2,超市便利店,超市,,5
218,219,温州,236,11,3.0,1.0,1,美食,休闲食品,生鲜水果,4
219,220,杭州,378,20,3.0,2.0,1,美食,中餐,川菜,5
220,221,武汉,259,13,3.0,2.0,1,美食,烘焙糕点,面包,5
221,222,南昌,774,14,0.0,1.0,2,美食,休闲食品,零食,2
222,223,武汉,198,20,3.0,6.0,1,美食,火锅,麻辣烫/串串香,5
223,224,温州,442,2,2.0,0.0,2,超市便利店,便利店,,4
224,225,宁波,58,9,0.0,1.0,1,美食,快餐,中式快餐,3
225,226,广州,928,5,2.0,7.0,1,美食,快餐,中式快餐,5
226,227,西安,708,6,3.0,3.0,1,美食,休闲茶饮,饮品/甜点,2
227,228,南京,221,13,4.0,0.0,2,超市便利店,超市,,5
228,229,佛山,881,9,3.0,3.0,3,美食,快餐,西式快餐,2
229,230,福州,607,14,,,1,超市便利店,超市,,3
230,231,南京,212,17,4.0,0.0,2,超市便利店,超市,,5
231,232,温州,841,5,3.0,0.0,2,超市便利店,便利店,,4
232,233,杭州,264,11,3.0,6.0,2,美食,烘焙糕点,面包,5
233,234,合肥,374,5,0.0,2.0,1,美食,快餐,中式快餐,3
234,235,合肥,775,5,4.0,6.0,1,美食,休闲茶饮,奶茶,3
235,236,苏州,63,9,2.0,2.0,3,美食,快餐,中式快餐,4
236,237,南宁,1137,10,3.0,1.0,1,美食,烘焙糕点,面包,2
237,238,北京,42,20,2.0,3.0,1,美食,快餐,中式快餐,5
238,239,宿迁,265,16,3.0,6.0,3,美食,快餐,西式快餐,1
239,240,上海,544,9,3.0,10.0,3,美食,快餐,西式快餐,5
240,241,上海,924,11,3.0,2.0,3,美食,烘焙糕点,面包,5
241,242,宁波,58,13,3.0,2.0,1,美食,休闲食品,生鲜水果,3
242,243,漳州,202,18,,,2,超市便利店,超市,,1
243,244,广州,44,2,3.0,2.0,1,美食,休闲茶饮,奶茶,5
244,245,绍兴,219,6,4.0,2.0,1,美食,休闲食品,零食,3
245,246,武汉,324,6,2.0,1.0,1,美食,小吃,其它小吃,5
246,247,武汉,198,20,3.0,1.0,1,医疗健康,药店,,5
247,248,上海,1019,10,3.0,0.0,2,美食,烘焙糕点,面包,5
248,249,宁波,166,16,3.0,1.0,1,美食,快餐,中式快餐,3
249,250,武汉,831,20,1.0,2.0,1,美食,烧烤,中式烧烤,5
250,251,北京,94,6,3.0,2.0,1,美食,快餐,中式快餐,5
251,252,深圳,491,13,3.0,7.0,3,美食,快餐,西式快餐,4
252,253,北京,1150,20,3.0,3.0,1,美食,中餐,海鲜,5
253,254,厦门,1107,1,4.0,1.0,1,美食,休闲茶饮,奶茶,3
254,255,北京,538,11,2.0,1.0,1,美食,快餐,中式快餐,5
255,256,南宁,76,18,3.0,0.0,2,超市便利店,超市,,2
256,257,北京,129,6,,,1,超市便利店,便利店,,5
257,258,蚌埠,159,12,3.0,8.0,3,美食,快餐,西式快餐,1
258,259,苏州,685,10,3.0,3.0,3,美食,休闲茶饮,饮品/甜点,4
259,260,金华,923,15,2.0,6.0,3,美食,快餐,西式快餐,3
260,261,南宁,1137,15,2.0,8.0,3,美食,快餐,西式快餐,2
261,262,宁波,150,9,3.0,3.0,1,美食,小吃,其它小吃,3
262,263,杭州,1091,10,,,2,超市便利店,便利店,,5
263,264,杭州,521,8,3.0,3.0,1,美食,休闲食品,生鲜水果,5
264,265,长沙,394,7,2.0,3.0,3,美食,快餐,中式快餐,2
265,266,沈阳,128,13,3.0,5.0,3,美食,快餐,西式快餐,2
266,267,金华,267,6,0.0,1.0,1,美食,快餐,中式快餐,3
267,268,深圳,531,3,3.0,0.0,1,超市便利店,便利店,,4
268,269,上海,365,9,1.0,1.0,1,美食,快餐,中式快餐,5
269,270,广州,928,5,3.0,10.0,1,美食,快餐,中式快餐,5
270,271,广州,488,5,0.0,1.0,1,美食,快餐,其它快餐,5
271,272,杭州,280,1,4.0,3.0,1,美食,烘焙糕点,面包,5
272,273,济南,934,13,3.0,9.0,3,美食,快餐,西式快餐,3
273,274,深圳,733,7,2.0,4.0,3,美食,快餐,中式快餐,4
274,275,广州,8,4,3.0,2.0,1,美食,休闲食品,生鲜水果,5
275,276,上海,168,19,,,2,超市便利店,超市,,5
276,277,上海,1054,20,3.0,2.0,3,美食,中餐,西北菜,5
277,278,广州,343,8,3.0,14.0,3,美食,快餐,西式快餐,5
278,279,广州,228,13,0.0,8.0,1,美食,快餐,西式快餐,5
279,280,武汉,812,15,3.0,2.0,1,美食,休闲茶饮,饮品/甜点,5
280,281,苏州,276,13,3.0,10.0,3,美食,快餐,西式快餐,4
281,282,杭州,378,3,3.0,0.0,2,超市便利店,便利店,,5
282,283,大连,227,20,4.0,9.0,1,美食,中餐,海鲜,2
283,284,上海,924,9,3.0,0.0,1,美食,休闲茶饮,饮品/甜点,5
284,285,杭州,629,14,2.0,11.0,3,美食,快餐,中式快餐,5
285,286,温州,837,1,2.0,1.0,1,美食,中餐,江浙菜,4
286,287,苏州,276,15,3.0,13.0,3,美食,快餐,西式快餐,4
287,288,上海,906,18,3.0,2.0,2,美食,其他美食,西餐,5
288,289,深圳,1078,9,3.0,2.0,1,美食,快餐,中式快餐,4
289,290,温州,141,6,4.0,0.0,2,超市便利店,便利店,,4
290,291,上海,255,11,3.0,1.0,1,美食,快餐,其它快餐,5
291,292,广州,57,3,0.0,0.0,1,超市便利店,便利店,,5
292,293,福州,122,17,3.0,0.0,2,超市便利店,超市,,3
293,294,南京,680,8,3.0,3.0,1,美食,汤/粥/煲/砂锅/炖菜,砂锅/煲类/炖菜,5
294,295,南昌,848,1,3.0,3.0,1,美食,休闲茶饮,奶茶,2
295,296,成都,845,18,,,2,超市便利店,超市,,3
296,297,长沙,104,2,2.0,2.0,1,美食,休闲食品,生鲜水果,2
297,298,西安,1020,19,,,2,超市便利店,超市,,2
298,299,杭州,884,8,3.0,6.0,3,美食,快餐,中式快餐,5
299,300,杭州,72,11,3.0,1.0,1,美食,休闲食品,生鲜水果,5
300,301,重庆,486,3,1.0,0.0,2,超市便利店,便利店,,2
301,302,武汉,209,1,0.0,0.0,1,美食,快餐,中式快餐,5
302,303,西安,708,15,3.0,5.0,3,美食,快餐,西式快餐,2
303,304,温州,969,15,3.0,15.0,3,美食,快餐,西式快餐,4
304,305,广州,439,8,3.0,7.0,3,美食,快餐,西式快餐,5
305,306,深圳,847,3,0.0,2.0,1,美食,快餐,中式快餐,4
306,307,绍兴,1082,14,3.0,4.0,3,美食,快餐,西式快餐,3
307,308,杭州,789,12,4.0,0.0,1,美食,小吃,米粉/米线,5
308,309,青岛,645,6,3.0,2.0,1,美食,快餐,中式快餐,3
309,310,深圳,576,17,,,2,超市便利店,超市,,4
310,311,北京,880,5,3.0,5.0,3,美食,快餐,中式快餐,5
311,312,嘉兴,1149,7,2.0,5.0,3,美食,快餐,中式快餐,2
312,313,深圳,983,2,0.0,3.0,1,美食,快餐,中式快餐,4
313,314,南京,399,15,4.0,2.0,1,美食,休闲茶饮,咖啡,5
314,315,上海,453,11,3.0,7.0,3,美食,快餐,西式快餐,5
315,316,杭州,681,2,4.0,2.0,1,美食,休闲茶饮,奶茶,5
316,317,苏州,902,5,2.0,1.0,1,美食,小吃,其它小吃,4
317,318,南京,680,18,3.0,4.0,1,美食,中餐,粤菜,5
318,319,上海,640,1,3.0,2.0,1,美食,小吃,面点,5
319,320,合肥,337,13,2.0,19.0,3,美食,快餐,西式快餐,3
320,321,杭州,258,10,1.0,1.0,1,美食,快餐,中式快餐,5
321,322,佛山,82,3,1.0,0.0,1,超市便利店,便利店,,2
322,323,南京,680,11,3.0,10.0,3,美食,快餐,西式快餐,5
323,324,杭州,181,10,3.0,3.0,1,美食,休闲食品,生鲜水果,5
324,325,天津,30,8,4.0,6.0,3,美食,快餐,西式快餐,2
325,326,沈阳,929,20,3.0,2.0,1,美食,火锅,其它火锅,2
326,327,上海,924,17,2.0,1.0,2,美食,小吃,面点,5
327,328,杭州,146,12,4.0,5.0,3,美食,烘焙糕点,蛋糕,5
328,329,青岛,940,5,3.0,0.0,2,超市便利店,便利店,,3
329,330,南京,680,18,3.0,1.0,1,美食,其他美食,日韩料理,5
330,331,武汉,277,1,0.0,1.0,1,美食,快餐,中式快餐,5
331,332,泰州,785,12,3.0,7.0,3,美食,快餐,西式快餐,1
332,333,上海,609,12,3.0,1.0,2,美食,烘焙糕点,蛋糕,5
333,334,杭州,827,2,3.0,1.0,1,美食,休闲食品,生鲜水果,5
334,335,广州,47,5,2.0,7.0,3,美食,快餐,中式快餐,5
335,336,上海,478,19,1.0,4.0,1,美食,火锅,其它火锅,5
336,337,佛山,559,10,2.0,8.0,3,美食,快餐,西式快餐,2
337,338,上海,1013,19,2.0,0.0,2,超市便利店,超市,,5
338,339,济南,38,17,4.0,3.0,1,美食,休闲茶饮,咖啡厅,3
339,340,杭州,760,18,4.0,1.0,1,美食,休闲食品,生鲜水果,5
340,341,宁波,133,14,3.0,11.0,3,美食,快餐,西式快餐,3
341,342,南京,680,2,4.0,2.0,1,美食,小吃,其它小吃,5
342,343,佛山,536,9,3.0,5.0,3,美食,快餐,西式快餐,2
343,344,广州,711,8,3.0,8.0,3,美食,快餐,西式快餐,5
344,345,丽水,432,14,3.0,6.0,3,美食,快餐,西式快餐,1
345,346,温州,837,3,4.0,0.0,2,超市便利店,便利店,,4
346,347,邯郸,604,7,3.0,3.0,3,美食,快餐,西式快餐,1
347,348,北京,540,19,4.0,0.0,2,超市便利店,超市,,5
348,349,合肥,599,12,,,1,超市便利店,超市,,3
349,350,北京,113,6,,,2,超市便利店,便利店,,5
350,351,南京,215,6,3.0,2.0,1,美食,烘焙糕点,面包,5
351,352,北京,139,2,,,1,超市便利店,便利店,,5
352,353,北京,538,15,4.0,1.0,1,美食,小吃,其它小吃,5
353,354,温州,1014,14,,,1,超市便利店,超市,,4
354,355,南京,172,7,3.0,2.0,1,美食,小吃,其它小吃,5
355,356,广州,67,11,2.0,9.0,3,美食,快餐,西式快餐,5
356,357,南京,96,6,,,1,超市便利店,超市,,5
357,358,上海,642,11,3.0,4.0,3,美食,快餐,西式快餐,5
358,359,南通,187,13,3.0,8.0,3,美食,快餐,西式快餐,2
359,360,天津,612,18,3.0,0.0,2,超市便利店,超市,,2
360,361,南京,399,4,2.0,2.0,1,美食,快餐,中式快餐,5
361,362,济南,69,3,3.0,5.0,2,美食,快餐,中式快餐,3
362,363,武汉,277,9,4.0,0.0,2,超市便利店,超市,,5
363,364,佛山,82,20,0.0,4.0,1,美食,中餐,江浙菜,2
364,365,广州,577,13,2.0,4.0,3,美食,快餐,西式快餐,5
365,366,常州,390,3,2.0,1.0,1,美食,休闲食品,其它休闲食品,2
366,367,上海,1119,16,1.0,1.0,1,医疗健康,药店,,5
367,368,武汉,209,1,0.0,0.0,1,美食,快餐,中式快餐,5
368,369,南宁,484,10,3.0,6.0,3,美食,快餐,西式快餐,2
369,370,上海,809,8,3.0,8.0,3,美食,休闲茶饮,饮品/甜点,5
370,371,泉州,1035,20,,,1,超市便利店,超市,,1
371,372,无锡,1050,19,,,1,超市便利店,超市,,3
372,373,贵阳,783,11,3.0,2.0,3,美食,快餐,西式快餐,1
373,374,武汉,290,1,4.0,2.0,1,美食,休闲茶饮,奶茶,5
374,375,咸宁,320,16,2.0,3.0,3,美食,小吃,其它小吃,1
375,376,青岛,869,13,3.0,3.0,3,美食,快餐,西式快餐,3
376,377,福州,1075,3,4.0,0.0,2,超市便利店,便利店,,3
377,378,南京,669,10,3.0,4.0,3,美食,快餐,中式快餐,5
378,379,杭州,523,20,1.0,2.0,1,美食,中餐,粤菜,5
379,380,绍兴,426,14,3.0,13.0,3,美食,快餐,西式快餐,3
380,381,杭州,303,16,2.0,1.0,3,美食,休闲食品,生鲜水果,5
381,382,杭州,849,15,3.0,3.0,3,美食,休闲食品,生鲜水果,5
382,383,杭州,897,5,4.0,3.0,1,美食,快餐,中式快餐,5
383,384,上海,642,19,2.0,1.0,1,美食,中餐,粤菜,5
384,385,福州,578,13,1.0,2.0,2,美食,快餐,西式快餐,3
385,386,上海,781,10,3.0,7.0,3,美食,快餐,西式快餐,5
386,387,杭州,1091,13,3.0,2.0,1,美食,快餐,西式快餐,5
387,388,北京,1038,13,3.0,3.0,1,美食,烘焙糕点,面包,5
388,389,上海,779,5,3.0,0.0,1,美食,快餐,中式快餐,5
389,390,北京,534,4,3.0,3.0,1,美食,休闲茶饮,奶茶,5
390,391,上海,1036,15,2.0,9.0,3,美食,快餐,西式快餐,5
391,392,北京,160,6,,,2,超市便利店,便利店,,5
392,393,深圳,1052,18,2.0,0.0,2,超市便利店,超市,,4
393,394,徐州,689,2,3.0,4.0,1,美食,休闲茶饮,奶茶,1
394,395,上海,662,10,3.0,6.0,3,美食,快餐,西式快餐,5
395,396,杭州,1120,16,4.0,3.0,1,美食,其他美食,其他餐饮美食,5
396,397,上海,356,15,3.0,2.0,2,美食,烘焙糕点,面包,5
397,398,北京,376,9,3.0,3.0,3,美食,快餐,西式快餐,5
398,399,常州,743,16,3.0,11.0,3,美食,快餐,西式快餐,2
399,400,泉州,965,15,,,1,超市便利店,超市,,1
400,401,长沙,811,14,1.0,0.0,1,美食,休闲食品,零食,2
401,402,上海,679,8,3.0,6.0,3,美食,休闲茶饮,饮品/甜点,5
402,403,成都,730,20,2.0,5.0,1,美食,中餐,川菜,3
403,404,上海,191,13,3.0,7.0,3,美食,快餐,西式快餐,5
404,405,成都,732,4,2.0,0.0,1,超市便利店,便利店,,3
405,406,杭州,485,2,3.0,1.0,1,美食,快餐,中式快餐,5
406,407,上海,976,12,3.0,6.0,3,美食,烘焙糕点,面包,5
407,408,贵阳,666,20,,,2,超市便利店,超市,,1
408,409,武汉,1027,10,0.0,0.0,2,超市便利店,超市,,5
409,410,温州,100,2,3.0,1.0,1,美食,休闲茶饮,奶茶,4
410,411,南京,399,5,3.0,1.0,1,美食,小吃,其它小吃,5
411,412,广州,29,15,2.0,1.0,1,美食,中餐,西北菜,5
412,413,北京,574,12,2.0,4.0,1,美食,快餐,中式快餐,5
413,414,福州,702,19,4.0,0.0,2,超市便利店,超市,,3
414,415,上海,924,5,1.0,0.0,1,美食,小吃,面点,5
415,416,深圳,1052,19,3.0,3.0,1,美食,其他美食,西餐,4
416,417,辽阳,1056,13,4.0,4.0,3,美食,快餐,西式快餐,1
417,418,常州,570,14,3.0,9.0,3,美食,快餐,西式快餐,2
418,419,广州,686,16,3.0,2.0,3,美食,快餐,西式快餐,5
419,420,广州,327,3,4.0,0.0,2,超市便利店,便利店,,5
420,421,绍兴,214,20,1.0,2.0,3,美食,烧烤,中式烧烤,3
421,422,长沙,1012,16,3.0,6.0,2,美食,休闲食品,生鲜水果,2
422,423,武汉,1128,4,3.0,3.0,1,美食,休闲茶饮,奶茶,5
423,424,广州,465,16,1.0,0.0,2,超市便利店,超市,,5
424,425,上海,809,19,3.0,4.0,1,美食,中餐,西北菜,5
425,426,上海,229,16,2.0,2.0,1,美食,小吃,其它小吃,5
426,427,上海,642,20,3.0,2.0,1,美食,其他美食,日韩料理,5
427,428,厦门,1103,2,2.0,1.0,1,美食,休闲茶饮,饮品/甜点,3
428,429,株洲,6,14,3.0,4.0,3,美食,快餐,西式快餐,1
429,430,深圳,195,5,,,1,超市便利店,便利店,,4
430,431,东莞,913,9,2.0,5.0,3,美食,快餐,西式快餐,2
431,432,沈阳,952,16,3.0,2.0,1,美食,休闲茶饮,饮品/甜点,2
432,433,深圳,733,10,2.0,0.0,2,超市便利店,超市,,4
433,434,武汉,269,20,1.0,0.0,1,美食,中餐,湖北菜,5
434,435,合肥,99,19,,,2,超市便利店,超市,,3
435,436,武汉,608,8,3.0,9.0,3,美食,快餐,西式快餐,5
436,437,深圳,562,8,0.0,1.0,1,美食,快餐,中式快餐,4
437,438,杭州,1120,12,3.0,0.0,1,休闲娱乐,网吧网咖,,5
438,439,金华,45,12,1.0,2.0,1,美食,中餐,江浙菜,3
439,440,杭州,131,6,,,1,超市便利店,便利店,,5
440,441,上海,427,19,3.0,0.0,2,超市便利店,超市,,5
441,442,天津,1123,11,3.0,8.0,3,美食,快餐,西式快餐,2
442,443,上海,1061,13,2.0,1.0,1,美食,火锅,麻辣烫/串串香,5
443,444,无锡,177,15,3.0,1.0,1,美食,休闲食品,生鲜水果,3
444,445,武汉,37,7,2.0,1.0,1,美食,其他美食,其他餐饮美食,5
445,446,荆州,482,18,4.0,0.0,2,超市便利店,超市,,1
446,447,广州,552,5,1.0,5.0,3,美食,快餐,中式快餐,5
447,448,北京,916,6,,,2,超市便利店,便利店,,5
448,449,温州,1129,17,3.0,1.0,1,美食,休闲茶饮,冰激凌,4
449,450,无锡,782,14,,,1,超市便利店,超市,,3
450,451,杭州,405,20,4.0,6.0,3,美食,火锅,川味/重庆火锅,5
451,452,杭州,756,7,,,1,超市便利店,超市,,5
452,453,上海,830,15,3.0,2.0,1,美食,快餐,其它快餐,5
453,454,广州,1124,2,4.0,0.0,1,超市便利店,便利店,,5
454,455,杭州,264,17,3.0,6.0,3,美食,休闲食品,生鲜水果,5
455,456,广州,257,7,2.0,5.0,3,美食,快餐,西式快餐,5
456,457,杭州,250,7,3.0,1.0,1,美食,其他美食,日韩料理,5
457,458,济南,767,14,2.0,8.0,3,美食,快餐,西式快餐,3
458,459,南京,673,20,1.0,2.0,1,美食,其他美食,自助餐,5
459,460,杭州,261,4,2.0,2.0,1,美食,中餐,其它地方菜,5
460,461,北京,86,15,3.0,0.0,2,美食,烘焙糕点,面包,5
461,462,济南,23,8,3.0,4.0,3,美食,快餐,西式快餐,3
462,463,武汉,861,16,,,1,超市便利店,超市,,5
463,464,北京,696,10,3.0,4.0,3,美食,快餐,西式快餐,5
464,465,上海,346,19,3.0,0.0,2,超市便利店,超市,,5
465,466,武汉,1007,18,3.0,3.0,1,美食,休闲茶饮,饮品/甜点,5
466,467,泉州,965,17,,,2,超市便利店,超市,,1
467,468,广州,757,13,3.0,7.0,3,美食,快餐,西式快餐,5
468,469,北京,696,5,3.0,1.0,1,美食,快餐,中式快餐,5
469,470,上海,639,6,4.0,1.0,1,美食,小吃,其它小吃,5
470,471,南京,399,10,3.0,1.0,1,美食,休闲食品,美食特产,5
471,472,南京,377,9,4.0,12.0,3,美食,快餐,西式快餐,5
472,473,北京,916,5,2.0,0.0,1,美食,快餐,中式快餐,5
473,474,杭州,797,6,3.0,0.0,1,美食,休闲食品,生鲜水果,5
474,475,广州,155,16,3.0,0.0,2,超市便利店,超市,,5
475,476,杭州,378,9,3.0,1.0,1,美食,小吃,其它小吃,5
476,477,杭州,287,11,2.0,1.0,1,美食,小吃,面点,5
477,478,深圳,810,14,3.0,2.0,3,美食,休闲食品,生鲜水果,4
478,479,北京,727,16,,,1,超市便利店,超市,,5
479,480,珠海,664,15,2.0,4.0,3,美食,快餐,西式快餐,1
480,481,武汉,776,9,4.0,0.0,2,超市便利店,超市,,5
481,482,太原,925,15,3.0,7.0,3,美食,快餐,西式快餐,1
482,483,广州,473,4,4.0,0.0,1,超市便利店,便利店,,5
483,484,南京,796,20,4.0,2.0,1,美食,休闲食品,零食,5
484,485,杭州,181,12,1.0,2.0,1,美食,休闲食品,生鲜水果,5
485,486,苏州,398,4,,,1,超市便利店,便利店,,4
486,487,上海,453,15,3.0,1.0,3,美食,休闲食品,生鲜水果,5
487,488,北京,1141,10,,,1,超市便利店,超市,,5
488,489,温州,1029,4,0.0,0.0,2,超市便利店,便利店,,4
489,490,哈尔滨,451,16,4.0,1.0,1,美食,休闲茶饮,冰激凌,1
490,491,北京,94,18,0.0,0.0,2,超市便利店,超市,,5
491,492,南京,377,8,4.0,0.0,2,超市便利店,便利店,,5
492,493,厦门,10,1,2.0,0.0,1,美食,烘焙糕点,面包,3
493,494,北京,889,20,3.0,2.0,2,美发/美容/美甲,美容美发,,5
494,495,广州,552,17,0.0,2.0,1,美食,快餐,中式快餐,5
495,496,上海,478,10,3.0,2.0,1,美食,小吃,其它小吃,5
496,497,武汉,606,16,2.0,1.0,3,美食,小吃,其它小吃,5
497,498,南京,1126,4,3.0,2.0,1,美食,休闲食品,生鲜水果,5
498,499,濮阳,163,14,3.0,5.0,3,美食,快餐,西式快餐,1
499,500,杭州,264,20,2.0,5.0,3,美食,烧烤,中式烧烤,5
500,501,济南,528,1,4.0,1.0,1,美食,休闲茶饮,饮品/甜点,3
501,502,厦门,620,13,3.0,9.0,3,美食,快餐,西式快餐,3
502,503,苏州,48,13,2.0,3.0,2,美食,快餐,中式快餐,4
503,504,长沙,650,7,4.0,0.0,1,超市便利店,便利店,,2
504,505,广州,932,3,4.0,0.0,1,超市便利店,便利店,,5
505,506,北京,632,15,3.0,1.0,2,美食,烘焙糕点,面包,5
506,507,福州,425,2,3.0,4.0,1,美食,休闲食品,生鲜水果,3
507,508,北京,836,7,,,2,超市便利店,便利店,,5
508,509,南昌,1135,16,2.0,3.0,3,美食,小吃,其它小吃,2
509,510,温州,969,4,4.0,0.0,2,超市便利店,便利店,,4
510,511,淮安,447,14,3.0,11.0,3,美食,快餐,西式快餐,1
511,512,武汉,1024,1,3.0,2.0,1,美食,休闲茶饮,奶茶,5
512,513,北京,367,5,3.0,3.0,1,美食,小吃,面点,5
513,514,杭州,884,11,2.0,1.0,1,美食,休闲食品,生鲜水果,5
514,515,中山,660,2,0.0,0.0,1,超市便利店,便利店,,1
515,516,苏州,922,5,2.0,1.0,1,美食,小吃,其它小吃,4
516,517,苏州,902,17,4.0,0.0,2,超市便利店,超市,,4
517,518,常州,452,12,3.0,1.0,2,美食,烘焙糕点,面包,2
518,519,上海,864,11,3.0,4.0,3,美食,快餐,西式快餐,5
519,520,淮北,493,5,3.0,0.0,2,超市便利店,便利店,,1
520,521,上海,478,13,1.0,3.0,3,美食,快餐,西式快餐,5
521,522,深圳,991,20,2.0,6.0,3,美食,中餐,江浙菜,4
522,523,无锡,766,17,1.0,0.0,2,美食,快餐,其它快餐,3
523,524,杭州,378,6,3.0,0.0,1,美食,小吃,其它小吃,5
524,525,广州,335,12,3.0,3.0,3,美食,休闲食品,生鲜水果,5
525,526,无锡,1067,12,3.0,7.0,3,美食,快餐,西式快餐,3
526,527,杭州,303,9,3.0,1.0,1,美食,小吃,面点,5
527,528,宁波,723,19,3.0,0.0,2,超市便利店,超市,,3
528,529,南京,527,10,1.0,1.0,1,美食,快餐,中式快餐,5
529,530,深圳,847,3,0.0,6.0,1,美食,快餐,中式快餐,4
530,531,嘉兴,753,13,3.0,9.0,3,美食,快餐,西式快餐,2
531,532,杭州,89,9,3.0,0.0,1,美食,休闲食品,生鲜水果,5
532,533,深圳,1109,3,,,1,超市便利店,便利店,,4
533,534,杭州,1093,11,3.0,4.0,2,美食,休闲茶饮,冰激凌,5
534,535,西安,942,18,,,2,超市便利店,超市,,2
535,536,上海,545,11,,,1,超市便利店,超市,,5
536,537,扬州,547,14,3.0,4.0,2,美食,快餐,西式快餐,1
537,538,北京,1130,10,3.0,1.0,1,美食,休闲茶饮,冰激凌,5
538,539,福州,1,9,3.0,4.0,3,美食,快餐,西式快餐,3
539,540,温州,174,7,4.0,0.0,1,超市便利店,超市,,4
540,541,温州,239,2,4.0,0.0,2,超市便利店,便利店,,4
541,542,杭州,908,9,1.0,1.0,1,美食,快餐,中式快餐,5
542,543,南京,399,2,3.0,1.0,1,美食,小吃,其它小吃,5
543,544,绍兴,418,10,3.0,4.0,1,美食,小吃,其它小吃,3
544,545,广州,228,9,2.0,1.0,1,美食,休闲食品,零食,5
545,546,佛山,1122,10,3.0,4.0,3,美食,快餐,西式快餐,2
546,547,厦门,10,1,3.0,1.0,1,美食,休闲茶饮,饮品/甜点,3
547,548,上海,1054,10,3.0,6.0,3,美食,快餐,西式快餐,5
548,549,常州,385,17,4.0,3.0,1,美食,烘焙糕点,面包,2
549,550,上海,1110,14,3.0,1.0,1,美食,火锅,麻辣烫/串串香,5
550,551,上海,554,10,2.0,1.0,2,美食,烘焙糕点,面包,5
551,552,杭州,740,9,2.0,2.0,1,美食,小吃,面点,5
552,553,蚌埠,958,12,,,1,超市便利店,超市,,1
553,554,福州,35,20,2.0,2.0,1,美食,其他美食,自助餐,3
554,555,杭州,131,7,4.0,2.0,1,美食,休闲食品,生鲜水果,5
555,556,温州,170,5,2.0,0.0,2,超市便利店,便利店,,4
556,557,广州,57,7,3.0,15.0,1,美食,快餐,中式快餐,5
557,558,广州,800,7,2.0,4.0,1,美食,休闲食品,生鲜水果,5
558,559,福州,122,3,2.0,1.0,1,美食,快餐,中式快餐,3
559,560,武汉,915,19,3.0,7.0,3,美食,小吃,其它小吃,5
560,561,苏州,456,1,,,1,超市便利店,超市,,4
561,562,杭州,378,6,3.0,0.0,1,美食,中餐,其它地方菜,5
562,563,龙岩,95,10,3.0,2.0,3,美食,快餐,西式快餐,1
563,564,宁波,762,16,2.0,9.0,3,美食,快餐,西式快餐,3
564,565,上海,406,8,3.0,7.0,3,美食,快餐,西式快餐,5
565,566,合肥,817,12,3.0,7.0,3,美食,快餐,西式快餐,3
566,567,北京,617,5,,,1,超市便利店,便利店,,5
567,568,湖州,1105,14,3.0,7.0,3,美食,快餐,西式快餐,1
568,569,福州,851,2,2.0,1.0,1,美食,烘焙糕点,面包,3
569,570,湖州,899,6,3.0,12.0,3,美食,快餐,西式快餐,1
570,571,上海,679,6,2.0,3.0,1,美食,快餐,中式快餐,5
571,572,杭州,1093,6,4.0,7.0,1,美食,休闲茶饮,奶茶,5
572,573,沈阳,475,15,4.0,4.0,3,美食,快餐,西式快餐,2
573,574,上海,1032,19,3.0,1.0,1,美食,其他美食,日韩料理,5
574,575,杭州,1091,10,1.0,2.0,1,美食,快餐,中式快餐,5
575,576,镇江,438,13,3.0,4.0,3,美食,快餐,西式快餐,1
576,577,金华,437,20,,,2,超市便利店,超市,,3
577,578,广州,343,3,2.0,0.0,1,超市便利店,便利店,,5
578,579,上海,1113,15,2.0,3.0,1,美食,快餐,其它快餐,5
579,580,宁波,759,19,3.0,0.0,2,超市便利店,超市,,3
580,581,上海,1023,2,4.0,0.0,2,超市便利店,便利店,,5
581,582,苏州,421,5,3.0,1.0,1,美食,休闲茶饮,奶茶,4
582,583,武汉,435,13,2.0,4.0,3,美食,快餐,西式快餐,5
583,584,襄阳,593,17,0.0,0.0,2,超市便利店,超市,,1
584,585,上海,544,7,3.0,3.0,3,美食,休闲茶饮,饮品/甜点,5
585,586,南京,680,8,3.0,3.0,1,美食,小吃,面点,5
586,587,郑州,74,19,,,2,超市便利店,超市,,2
587,588,台州,84,20,1.0,1.0,1,美食,中餐,香锅/烤鱼,1
588,589,金华,1157,16,3.0,4.0,3,美食,快餐,西式快餐,3
589,590,福州,122,11,0.0,0.0,1,超市便利店,超市,,3
590,591,咸阳,931,14,3.0,5.0,3,美食,快餐,西式快餐,1
591,592,常州,1079,17,,,2,超市便利店,超市,,2
592,593,南京,399,9,3.0,7.0,1,美食,休闲食品,其它休闲食品,5
593,594,济南,23,12,3.0,2.0,2,美食,休闲茶饮,奶茶,3
594,595,杭州,386,1,4.0,3.0,1,美食,休闲茶饮,奶茶,5
595,596,东莞,1055,13,2.0,3.0,3,美食,快餐,西式快餐,2
596,597,南京,96,10,3.0,2.0,1,美食,烘焙糕点,面包,5
597,598,北京,535,7,,,1,超市便利店,便利店,,5
598,599,杭州,275,16,3.0,0.0,1,美食,休闲食品,生鲜水果,5
599,600,上海,906,13,3.0,6.0,1,美食,快餐,其它快餐,5
600,601,成都,1159,20,,,1,超市便利店,超市,,3
601,602,深圳,991,2,,,2,超市便利店,便利店,,4
602,603,杭州,865,3,,,2,超市便利店,便利店,,5
603,604,上海,168,15,0.0,0.0,1,美食,快餐,中式快餐,5
604,605,孝感,1022,17,,,2,超市便利店,超市,,1
605,606,哈尔滨,350,18,,,2,超市便利店,超市,,1
606,607,杭州,835,10,2.0,2.0,1,美食,休闲食品,生鲜水果,5
607,608,金华,3,17,4.0,0.0,1,超市便利店,超市,,3
608,609,无锡,586,14,,,1,超市便利店,超市,,3
609,610,郑州,957,12,3.0,7.0,3,美食,快餐,西式快餐,2
610,611,广州,242,11,,,1,超市便利店,超市,,5
611,612,杭州,850,4,3.0,1.0,1,美食,休闲食品,其它休闲食品,5
612,613,佛山,648,17,3.0,0.0,1,超市便利店,超市,,2
613,614,上海,948,8,3.0,5.0,3,美食,快餐,中式快餐,5
614,615,常州,1079,13,3.0,4.0,3,美食,快餐,西式快餐,2
615,616,深圳,194,19,2.0,3.0,1,美食,中餐,粤菜,4
616,617,厦门,1107,2,4.0,1.0,1,美食,休闲茶饮,奶茶,3
617,618,上海,554,2,4.0,0.0,2,超市便利店,便利店,,5
618,619,深圳,966,20,0.0,5.0,3,美食,烧烤,中式烧烤,4
619,620,上海,662,4,3.0,2.0,1,美食,烘焙糕点,蛋糕,5
620,621,广州,928,3,0.0,1.0,1,美食,快餐,中式快餐,5
621,622,阜阳,951,14,2.0,5.0,3,美食,快餐,西式快餐,1
622,623,北京,51,16,3.0,3.0,1,美食,快餐,中式快餐,5
623,624,南京,73,17,,,2,超市便利店,超市,,5
624,625,重庆,419,17,,,2,超市便利店,超市,,2
625,626,南京,859,3,,,1,超市便利店,超市,,5
626,627,北京,199,5,,,2,超市便利店,便利店,,5
627,628,北京,601,9,3.0,8.0,3,美食,快餐,西式快餐,5
628,629,上海,846,10,3.0,4.0,3,美食,休闲茶饮,饮品/甜点,5
629,630,江门,894,17,,,1,超市便利店,超市,,1
630,631,杭州,884,3,3.0,0.0,2,超市便利店,便利店,,5
631,632,南昌,964,2,4.0,1.0,1,美食,休闲食品,生鲜水果,2
632,633,南京,401,7,1.0,1.0,1,美食,快餐,中式快餐,5
633,634,上海,643,10,0.0,0.0,1,超市便利店,超市,,5
634,635,武汉,1018,1,3.0,1.0,1,美食,休闲茶饮,饮品/甜点,5
635,636,常州,31,1,4.0,2.0,1,美食,小吃,面点,2
636,637,武汉,259,8,4.0,0.0,2,超市便利店,超市,,5
637,638,深圳,862,15,4.0,9.0,1,美食,休闲茶饮,饮品/甜点,4
638,639,常州,321,9,3.0,5.0,3,美食,休闲茶饮,饮品/甜点,2
639,640,北京,113,17,4.0,3.0,1,美食,小吃,其它小吃,5
640,641,珠海,28,5,,,2,超市便利店,便利店,,1
641,642,杭州,1093,4,2.0,3.0,1,美食,小吃,其它小吃,5
642,643,温州,61,5,4.0,0.0,2,超市便利店,便利店,,4
643,644,广州,36,7,3.0,1.0,1,美食,小吃,其它小吃,5
644,645,广州,552,2,1.0,0.0,2,超市便利店,便利店,,5
645,646,南京,175,3,4.0,1.0,1,美食,休闲食品,生鲜水果,5
646,647,达州,518,19,,,2,超市便利店,超市,,1
647,648,南京,680,8,3.0,2.0,1,美食,休闲食品,其它休闲食品,5
648,649,杭州,110,3,4.0,0.0,2,超市便利店,便利店,,5
649,650,广州,911,18,3.0,0.0,2,超市便利店,超市,,5
650,651,杭州,280,3,2.0,5.0,1,美食,快餐,中式快餐,5
651,652,杭州,850,19,4.0,0.0,2,超市便利店,超市,,5
652,653,温州,722,5,4.0,0.0,2,超市便利店,便利店,,4
653,654,郑州,829,2,2.0,1.0,1,美食,休闲食品,生鲜水果,2
654,655,佛山,304,4,4.0,0.0,1,超市便利店,便利店,,2
655,656,杭州,897,1,4.0,4.0,1,美食,休闲茶饮,奶茶,5
656,657,昆明,1152,10,3.0,3.0,3,美食,快餐,西式快餐,1
657,658,上海,1032,7,3.0,3.0,1,美食,小吃,其它小吃,5
658,659,深圳,195,7,2.0,3.0,3,美食,快餐,中式快餐,4
659,660,上海,1113,14,4.0,3.0,3,美食,休闲食品,生鲜水果,5
660,661,北京,479,18,3.0,3.0,3,美食,火锅,其它火锅,5
661,662,杭州,815,5,3.0,2.0,1,美食,小吃,面点,5
662,663,上海,709,4,3.0,3.0,3,美食,休闲茶饮,奶茶,5
663,664,哈尔滨,397,15,3.0,6.0,3,美食,快餐,西式快餐,1
664,665,杭州,1093,20,1.0,2.0,2,美食,中餐,江浙菜,5
665,666,成都,816,15,2.0,3.0,2,美食,快餐,西式快餐,3
666,667,杭州,287,11,1.0,5.0,1,美食,快餐,中式快餐,5
667,668,杭州,283,16,1.0,10.0,3,美食,快餐,西式快餐,5
668,669,佛山,1143,7,2.0,2.0,1,美食,小吃,米粉/米线,2
669,670,苏州,306,12,3.0,9.0,3,美食,快餐,西式快餐,4
670,671,成都,446,19,4.0,0.0,2,超市便利店,超市,,3
671,672,杭州,523,16,3.0,2.0,1,美食,烘焙糕点,蛋糕,5
672,673,十堰,565,17,,,2,超市便利店,超市,,1
673,674,深圳,165,2,0.0,3.0,1,美食,快餐,中式快餐,4
674,675,梧州,164,4,3.0,6.0,3,美食,快餐,西式快餐,1
675,676,上海,414,13,3.0,7.0,3,美食,快餐,西式快餐,5
676,677,深圳,1109,8,2.0,2.0,2,美食,烘焙糕点,面包,4
677,678,广州,47,2,4.0,0.0,2,超市便利店,便利店,,5
678,679,温州,1006,17,,,2,超市便利店,超市,,4
679,680,厦门,21,2,2.0,0.0,1,美食,中餐,台湾菜,3
680,681,福州,765,15,2.0,5.0,3,美食,快餐,西式快餐,3
681,682,常州,121,19,2.0,0.0,2,超市便利店,超市,,2
682,683,广州,552,20,1.0,2.0,1,美食,中餐,闽菜,5
683,684,沈阳,598,7,4.0,4.0,3,美食,快餐,西式快餐,2
684,685,北京,403,12,,,1,超市便利店,超市,,5
685,686,上海,519,9,3.0,5.0,3,美食,休闲茶饮,饮品/甜点,5
686,687,黄石,316,17,4.0,0.0,2,超市便利店,超市,,1
687,688,广州,792,2,,,2,超市便利店,便利店,,5
688,689,上海,417,18,2.0,4.0,3,美食,快餐,中式快餐,5
689,690,上海,293,18,,,2,超市便利店,超市,,5
690,691,北京,717,18,,,2,超市便利店,超市,,5
691,692,日照,103,13,3.0,10.0,3,美食,快餐,西式快餐,1
692,693,武汉,557,5,2.0,0.0,1,美食,中餐,湘菜,5
693,694,上海,924,11,1.0,1.0,1,美食,快餐,中式快餐,5
694,695,杭州,264,20,3.0,9.0,3,美食,中餐,西北菜,5
695,696,上海,839,6,,,1,超市便利店,便利店,,5
696,697,南京,52,2,4.0,1.0,1,美食,快餐,西式快餐,5
697,698,上海,266,8,,,1,超市便利店,超市,,5
698,699,上海,906,5,1.0,1.0,1,美食,快餐,中式快餐,5
699,700,南京,739,1,4.0,1.0,1,美食,烘焙糕点,蛋糕,5
700,701,南京,469,10,1.0,1.0,1,美食,快餐,中式快餐,5
701,702,杭州,250,11,3.0,5.0,2,美食,快餐,西式快餐,5
702,703,大连,495,3,3.0,3.0,1,美食,快餐,中式快餐,2
703,704,成都,641,6,4.0,8.0,3,美食,休闲茶饮,饮品/甜点,3
704,705,杭州,740,20,3.0,3.0,3,美食,其他美食,西餐,5
705,706,杭州,927,14,2.0,0.0,1,美食,快餐,中式快餐,5
706,707,深圳,991,11,0.0,1.0,1,美食,火锅,麻辣烫/串串香,4
707,708,深圳,281,10,2.0,7.0,3,美食,快餐,西式快餐,4
708,709,上海,921,17,2.0,3.0,2,美食,小吃,面点,5
709,710,深圳,991,11,3.0,8.0,3,美食,快餐,西式快餐,4
710,711,台州,926,15,3.0,1.0,1,美食,快餐,中式快餐,1
711,712,厦门,716,20,4.0,0.0,2,超市便利店,超市,,3
712,713,上海,420,10,2.0,4.0,3,美食,快餐,中式快餐,5
713,714,合肥,1044,20,,,2,超市便利店,超市,,3
714,715,南京,149,13,3.0,19.0,3,美食,快餐,西式快餐,5
715,716,南京,680,11,2.0,2.0,3,美食,快餐,中式快餐,5
716,717,南京,434,4,3.0,3.0,1,美食,休闲茶饮,奶茶,5
717,718,合肥,374,3,2.0,1.0,1,美食,休闲食品,生鲜水果,3
718,719,武汉,298,18,4.0,0.0,2,超市便利店,超市,,5
719,720,广州,335,2,3.0,0.0,2,超市便利店,便利店,,5
720,721,南昌,179,1,2.0,1.0,1,美食,休闲食品,其它休闲食品,2
721,722,杭州,378,8,3.0,3.0,1,美食,小吃,面点,5
722,723,上海,554,8,3.0,4.0,1,美食,休闲茶饮,饮品/甜点,5
723,724,惠州,1074,11,3.0,3.0,3,美食,快餐,西式快餐,1
724,725,金华,3,11,4.0,2.0,3,美食,休闲茶饮,饮品/甜点,3
725,726,天津,992,9,4.0,6.0,3,美食,烘焙糕点,蛋糕,2
726,727,深圳,531,20,0.0,6.0,3,美食,烧烤,中式烧烤,4
727,728,深圳,233,17,,,1,超市便利店,超市,,4
728,729,扬州,806,13,3.0,15.0,3,美食,快餐,西式快餐,1
729,730,东莞,1031,18,1.0,0.0,1,超市便利店,超市,,2
730,731,广州,710,1,0.0,0.0,2,超市便利店,便利店,,5
731,732,温州,1129,6,3.0,2.0,2,美食,休闲茶饮,奶茶,4
732,733,福州,425,1,3.0,1.0,1,美食,休闲食品,其它休闲食品,3
733,734,北京,968,15,3.0,6.0,3,美食,快餐,西式快餐,5
734,735,南宁,1137,5,3.0,1.0,1,美食,小吃,米粉/米线,2
735,736,上海,218,17,4.0,0.0,2,超市便利店,超市,,5
736,737,广州,132,9,2.0,17.0,3,美食,快餐,西式快餐,5
737,738,温州,80,12,3.0,4.0,1,美食,烘焙糕点,蛋糕,4
738,739,南宁,1137,19,4.0,0.0,2,超市便利店,超市,,2
739,740,杭州,871,17,3.0,4.0,3,美食,快餐,西式快餐,5
740,741,南京,1126,19,4.0,0.0,2,超市便利店,超市,,5
741,742,上海,417,4,3.0,4.0,1,美食,烘焙糕点,蛋糕,5
742,743,北京,430,4,4.0,0.0,1,超市便利店,便利店,,5
743,744,徐州,373,9,3.0,5.0,3,美食,快餐,西式快餐,1
744,745,上海,679,5,1.0,1.0,1,美食,小吃,面点,5
745,746,广州,235,9,3.0,5.0,3,美食,快餐,西式快餐,5
746,747,苏州,790,18,,,2,超市便利店,超市,,4
747,748,长沙,511,8,4.0,5.0,1,美食,休闲茶饮,奶茶,2
748,749,合肥,1021,5,,,1,超市便利店,便利店,,3
749,750,宁波,891,13,3.0,9.0,3,美食,快餐,西式快餐,3
750,751,南京,107,2,4.0,1.0,1,美食,休闲茶饮,奶茶,5
751,752,深圳,991,15,4.0,2.0,1,美食,休闲茶饮,奶茶,4
752,753,济南,767,11,3.0,4.0,3,美食,快餐,西式快餐,3
753,754,杭州,827,2,4.0,0.0,1,美食,休闲食品,生鲜水果,5
754,755,南平,140,18,,,2,超市便利店,超市,,1
755,756,杭州,760,9,3.0,3.0,3,美食,烘焙糕点,蛋糕,5
756,757,重庆,997,18,,,2,超市便利店,超市,,2
757,758,杭州,749,4,,,2,超市便利店,便利店,,5
758,759,上海,882,5,4.0,2.0,1,美食,休闲茶饮,奶茶,5
759,760,武汉,259,1,3.0,4.0,1,美食,休闲茶饮,饮品/甜点,5
760,761,深圳,194,14,0.0,1.0,1,美食,快餐,中式快餐,4
761,762,石家庄,333,19,,,1,超市便利店,超市,,1
762,763,绍兴,167,3,3.0,3.0,1,美食,小吃,熟食,3
763,764,绍兴,167,9,3.0,1.0,2,美食,烘焙糕点,面包,3
764,765,上海,255,7,3.0,3.0,3,美食,休闲茶饮,饮品/甜点,5
765,766,重庆,472,19,,,1,超市便利店,超市,,2
766,767,汕尾,467,13,3.0,5.0,3,美食,快餐,西式快餐,1
767,768,金华,53,5,4.0,1.0,1,美食,休闲食品,零食,3
768,769,杭州,834,11,2.0,3.0,3,美食,快餐,西式快餐,5
769,770,杭州,349,7,3.0,2.0,2,美食,休闲茶饮,饮品/甜点,5
770,771,南宁,336,6,3.0,4.0,3,美食,快餐,西式快餐,2
771,772,天津,625,15,4.0,5.0,3,美食,烘焙糕点,面包,2
772,773,南京,919,13,3.0,11.0,3,美食,快餐,西式快餐,5
773,774,天门,313,19,,,2,超市便利店,超市,,1
774,775,北京,713,10,3.0,11.0,3,美食,快餐,西式快餐,5
775,776,重庆,1148,18,,,2,超市便利店,超市,,2
776,777,杭州,1094,6,0.0,2.0,1,美食,快餐,中式快餐,5
777,778,上海,937,11,2.0,1.0,1,美食,小吃,其它小吃,5
778,779,宁波,252,1,3.0,2.0,1,美食,休闲茶饮,奶茶,3
779,780,温州,505,5,4.0,0.0,2,超市便利店,便利店,,4
780,781,扬州,1000,13,3.0,13.0,3,美食,快餐,西式快餐,1
781,782,清远,97,10,3.0,3.0,3,美食,快餐,西式快餐,1
782,783,济南,934,7,3.0,1.0,1,美食,快餐,中式快餐,3
783,784,株洲,308,15,2.0,6.0,3,美食,快餐,西式快餐,1
784,785,常州,121,5,4.0,0.0,2,超市便利店,便利店,,2
785,786,济宁,463,15,4.0,4.0,3,美食,快餐,西式快餐,1
786,787,重庆,243,19,,,2,超市便利店,超市,,2
787,788,北京,614,1,3.0,5.0,2,美食,快餐,中式快餐,5
788,789,上海,1032,11,3.0,6.0,2,美食,快餐,西式快餐,5
789,790,杭州,287,6,3.0,1.0,2,美食,小吃,面点,5
790,791,成都,208,12,3.0,8.0,3,美食,快餐,西式快餐,3
791,792,上海,168,3,4.0,0.0,2,超市便利店,便利店,,5
792,793,德阳,1112,20,,,1,超市便利店,超市,,1
793,794,武汉,737,2,0.0,0.0,1,美食,快餐,中式快餐,5
794,795,上海,1127,15,2.0,1.0,1,美食,中餐,粤菜,5
795,796,广州,36,9,3.0,2.0,1,美食,休闲茶饮,奶茶,5
796,797,铜陵,454,14,3.0,7.0,3,美食,快餐,西式快餐,1
797,798,北京,402,10,2.0,2.0,1,美食,快餐,中式快餐,5
798,799,苏州,790,20,4.0,6.0,3,美食,火锅,川味/重庆火锅,4
799,800,上海,545,6,4.0,5.0,1,美食,休闲茶饮,奶茶,5
800,801,武汉,278,3,3.0,1.0,1,美食,休闲茶饮,奶茶,5
801,802,厦门,620,19,0.0,4.0,3,美食,其他美食,西餐,3
802,803,武汉,117,1,2.0,0.0,1,美食,小吃,其它小吃,5
803,804,北京,564,17,4.0,2.0,1,美食,小吃,其它小吃,5
804,805,北京,331,5,0.0,0.0,1,超市便利店,便利店,,5
805,806,上海,453,18,,,2,超市便利店,超市,,5
806,807,佛山,648,9,2.0,3.0,3,美食,快餐,西式快餐,2
807,808,武汉,524,13,1.0,18.0,3,美食,快餐,西式快餐,5
808,809,北京,977,15,,,1,超市便利店,超市,,5
809,810,北京,42,9,2.0,1.0,1,美食,快餐,中式快餐,5
810,811,上海,1032,20,2.0,1.0,1,美食,中餐,粤菜,5
811,812,杭州,378,1,3.0,3.0,1,美食,快餐,中式快餐,5
812,813,北京,580,9,4.0,4.0,3,美食,休闲茶饮,饮品/甜点,5
813,814,杭州,56,5,3.0,0.0,2,超市便利店,便利店,,5
814,815,太原,674,17,2.0,0.0,1,超市便利店,超市,,1
815,816,合肥,370,18,,,2,超市便利店,超市,,3
816,817,上海,157,6,3.0,3.0,1,美食,烘焙糕点,蛋糕,5
817,818,上海,937,10,3.0,1.0,1,美食,烧烤,中式烧烤,5
818,819,北京,652,19,3.0,2.0,1,美食,烧烤,其它烧烤,5
819,820,武汉,979,17,,,2,超市便利店,超市,,5
820,821,上海,415,15,,,1,超市便利店,超市,,5
821,822,杭州,688,20,3.0,1.0,1,美食,其他美食,西餐,5
822,823,武汉,198,12,1.0,0.0,2,超市便利店,超市,,5
823,824,上海,1065,18,3.0,1.0,1,美食,快餐,中式快餐,5
824,825,武汉,1115,15,,,1,超市便利店,超市,,5
825,826,北京,1037,8,3.0,2.0,1,美食,快餐,西式快餐,5
826,827,北京,506,5,,,1,超市便利店,便利店,,5
827,828,南京,680,7,2.0,3.0,3,美食,快餐,中式快餐,5
828,829,杭州,521,7,2.0,9.0,1,美食,休闲食品,生鲜水果,5
829,830,哈尔滨,369,13,3.0,6.0,3,美食,快餐,西式快餐,1
830,831,南京,399,7,4.0,6.0,1,美食,休闲茶饮,奶茶,5
831,832,武汉,70,5,,,1,超市便利店,便利店,,5
832,833,温州,61,16,2.0,1.0,3,美食,休闲食品,零食,4
833,834,上海,898,18,3.0,3.0,1,美食,其他美食,日韩料理,5
834,835,南京,1126,3,3.0,0.0,1,美食,烘焙糕点,其它烘焙糕点,5
835,836,漳州,1041,18,,,2,超市便利店,超市,,1
836,837,成都,732,9,1.0,1.0,1,美食,中餐,川菜,3
837,838,南京,399,5,,,1,超市便利店,超市,,5
838,839,黄冈,705,18,4.0,0.0,2,超市便利店,超市,,1
839,840,武汉,812,12,2.0,6.0,3,美食,快餐,西式快餐,5
840,841,上海,679,12,4.0,2.0,3,美食,休闲食品,生鲜水果,5
841,842,上海,542,15,2.0,1.0,2,美食,快餐,西式快餐,5
842,843,东莞,90,19,1.0,0.0,2,超市便利店,超市,,2
843,844,武汉,653,19,2.0,6.0,2,美食,其他美食,西餐,5
844,845,武汉,198,8,2.0,0.0,2,超市便利店,超市,,5
845,846,泉州,691,17,4.0,0.0,2,超市便利店,超市,,1
846,847,杭州,523,11,3.0,3.0,1,美食,休闲茶饮,奶茶,5
847,848,深圳,862,9,3.0,11.0,3,美食,快餐,西式快餐,4
848,849,杭州,250,4,2.0,2.0,1,美食,小吃,其它小吃,5
849,850,杭州,40,15,1.0,20.0,3,美食,快餐,西式快餐,5
850,851,珠海,119,15,,,1,超市便利店,超市,,1
851,852,武汉,605,20,2.0,11.0,2,美食,其他美食,西餐,5
852,853,郑州,957,13,3.0,8.0,3,美食,快餐,西式快餐,2
853,854,杭州,621,19,3.0,1.0,2,超市便利店,超市,,5
854,855,北京,199,19,3.0,1.0,2,美食,其他美食,西餐,5
855,856,广州,787,3,,,2,超市便利店,便利店,,5
856,857,温州,693,20,2.0,1.0,1,美食,火锅,其它火锅,4
857,858,上海,639,9,2.0,1.0,1,美食,小吃,其它小吃,5
858,859,上海,1033,9,2.0,2.0,1,美食,休闲食品,生鲜水果,5
859,860,苏州,922,17,,,1,超市便利店,超市,,4
860,861,杭州,520,14,3.0,3.0,3,美食,烘焙糕点,蛋糕,5
861,862,上海,907,7,3.0,8.0,3,美食,休闲茶饮,饮品/甜点,5
862,863,杭州,850,7,3.0,0.0,1,美食,休闲食品,生鲜水果,5
863,864,南京,526,9,2.0,0.0,2,超市便利店,超市,,5
864,865,常州,385,18,,,2,超市便利店,超市,,2
865,866,南京,450,2,4.0,0.0,2,超市便利店,便利店,,5
866,867,北京,86,6,2.0,3.0,3,美食,快餐,中式快餐,5
867,868,苏州,933,9,3.0,3.0,1,美食,小吃,米粉/米线,4
868,869,湖州,899,20,,,1,超市便利店,超市,,1
869,870,苏州,312,16,3.0,7.0,1,美食,休闲食品,生鲜水果,4
870,871,舟山,628,10,2.0,2.0,3,美食,快餐,中式快餐,1
871,872,武汉,606,2,1.0,2.0,1,美食,快餐,中式快餐,5
872,873,上海,358,11,4.0,1.0,1,美食,快餐,中式快餐,5
873,874,北京,113,6,,,2,超市便利店,便利店,,5
874,875,广州,57,2,3.0,0.0,1,超市便利店,便利店,,5
875,876,福州,851,2,3.0,2.0,1,美食,烘焙糕点,蛋糕,3
876,877,武汉,1145,11,3.0,17.0,3,美食,快餐,西式快餐,5
877,878,武汉,198,11,0.0,0.0,2,超市便利店,超市,,5
878,879,深圳,305,12,0.0,2.0,1,美食,小吃,面点,4
879,880,上海,417,18,4.0,0.0,2,超市便利店,超市,,5
880,881,上海,185,9,3.0,4.0,3,美食,休闲茶饮,饮品/甜点,5
881,882,淮安,1118,16,3.0,2.0,1,美食,休闲食品,零食,1
882,883,上海,497,5,3.0,1.0,1,美食,烘焙糕点,蛋糕,5
883,884,杭州,181,6,0.0,2.0,1,美食,快餐,中式快餐,5
884,885,武汉,65,20,4.0,9.0,3,美食,火锅,川味/重庆火锅,5
885,886,杭州,523,7,3.0,3.0,1,美食,快餐,中式快餐,5
886,887,武汉,435,20,1.0,6.0,3,美食,其他美食,西餐,5
887,888,成都,637,9,1.0,1.0,1,美食,小吃,面点,3
888,889,无锡,428,18,3.0,0.0,2,超市便利店,超市,,3
889,890,湛江,994,11,3.0,4.0,3,美食,快餐,西式快餐,1
890,891,杭州,264,9,3.0,20.0,3,美食,快餐,西式快餐,5
891,892,嘉兴,183,7,1.0,1.0,1,美食,快餐,中式快餐,2
892,893,三亚,404,16,2.0,5.0,3,美食,快餐,西式快餐,1
893,894,惠州,546,19,,,2,超市便利店,超市,,1
894,895,上海,924,16,3.0,1.0,1,美食,快餐,中式快餐,5
895,896,温州,585,5,3.0,0.0,2,超市便利店,便利店,,4
896,897,杭州,941,14,3.0,20.0,3,美食,快餐,西式快餐,5
897,898,深圳,79,6,2.0,2.0,3,美食,快餐,中式快餐,4
898,899,北京,294,17,,,1,超市便利店,超市,,5
899,900,福州,1075,17,,,2,超市便利店,超市,,3
900,901,北京,512,4,,,1,超市便利店,超市,,5
901,902,成都,816,7,3.0,4.0,3,美食,休闲茶饮,饮品/甜点,3
902,903,北京,836,11,4.0,1.0,3,美食,烘焙糕点,蛋糕,5
903,904,南京,633,20,3.0,3.0,1,美食,其他美食,日韩料理,5
904,905,上海,791,15,,,1,超市便利店,超市,,5
905,906,合肥,551,9,,,1,超市便利店,超市,,3
906,907,青岛,645,5,4.0,4.0,2,美食,休闲茶饮,饮品/甜点,3
907,908,南京,623,8,4.0,0.0,2,超市便利店,便利店,,5
908,909,南京,434,13,3.0,8.0,3,美食,快餐,西式快餐,5
909,910,上海,1032,6,4.0,6.0,1,美食,休闲茶饮,奶茶,5
910,911,南昌,1144,12,2.0,6.0,3,美食,快餐,西式快餐,2
911,912,西安,942,5,2.0,2.0,1,美食,小吃,其它小吃,2
912,913,广州,552,8,3.0,3.0,1,美食,休闲茶饮,奶茶,5
913,914,杭州,954,17,3.0,1.0,1,美食,快餐,中式快餐,5
914,915,嘉兴,513,18,2.0,0.0,2,超市便利店,超市,,2
915,916,武汉,653,6,3.0,10.0,3,美食,快餐,西式快餐,5
916,917,上海,39,3,4.0,0.0,2,超市便利店,便利店,,5
917,918,武汉,605,8,2.0,2.0,1,美食,小吃,面点,5
918,919,上海,554,19,0.0,1.0,1,美食,其他美食,日韩料理,5
919,920,上海,642,8,4.0,1.0,1,美食,休闲茶饮,饮品/甜点,5
920,921,漳州,307,2,1.0,1.0,1,美食,快餐,中式快餐,1
921,922,苏州,196,16,3.0,3.0,1,美食,小吃,其它小吃,4
922,923,厦门,1103,9,3.0,1.0,1,美食,休闲茶饮,饮品/甜点,3
923,924,武汉,117,2,0.0,0.0,1,美食,快餐,中式快餐,5
924,925,北京,996,4,3.0,1.0,1,美食,快餐,中式快餐,5
925,926,青岛,677,14,3.0,7.0,3,美食,快餐,西式快餐,3
926,927,武汉,905,10,3.0,2.0,3,美食,中餐,川菜,5
927,928,深圳,49,7,1.0,3.0,3,美食,快餐,中式快餐,4
928,929,威海,108,14,3.0,5.0,3,美食,快餐,西式快餐,1
929,930,武汉,903,2,2.0,0.0,1,美食,火锅,麻辣烫/串串香,5
930,931,北京,375,8,3.0,2.0,1,美食,休闲食品,生鲜水果,5
931,932,杭州,286,9,2.0,3.0,2,美食,快餐,中式快餐,5
932,933,杭州,264,5,3.0,2.0,2,美食,烘焙糕点,蛋糕,5
933,934,杭州,286,18,3.0,1.0,2,超市便利店,超市,,5
934,935,北京,512,8,2.0,3.0,3,美食,快餐,中式快餐,5
935,936,上海,1023,20,2.0,1.0,3,美食,烧烤,中式烧烤,5
936,937,成都,816,12,3.0,5.0,1,美食,烘焙糕点,其它烘焙糕点,3
937,938,无锡,217,12,,,1,超市便利店,超市,,3
938,939,杭州,815,3,3.0,1.0,1,美食,烘焙糕点,其它烘焙糕点,5
939,940,上海,642,14,,,1,超市便利店,超市,,5
940,941,石家庄,857,17,,,1,超市便利店,超市,,1
941,942,长沙,193,7,3.0,1.0,1,美食,烘焙糕点,面包,2
942,943,苏州,902,6,2.0,3.0,1,美食,小吃,其它小吃,4
943,944,合肥,337,9,3.0,1.0,3,美食,烘焙糕点,其它烘焙糕点,3
944,945,郑州,960,10,0.0,2.0,1,美食,快餐,中式快餐,2
945,946,南京,433,17,,,2,超市便利店,超市,,5
946,947,广州,552,3,0.0,0.0,2,超市便利店,便利店,,5
947,948,北京,1108,5,3.0,1.0,1,美食,小吃,其它小吃,5
948,949,青岛,206,16,3.0,2.0,1,美食,小吃,米粉/米线,3
949,950,杭州,1091,10,,,1,超市便利店,超市,,5
950,951,上海,554,4,2.0,2.0,1,美食,小吃,面点,5
951,952,大连,495,11,3.0,1.0,1,美食,烘焙糕点,其它烘焙糕点,2
952,953,上海,507,15,4.0,3.0,1,美食,小吃,面点,5
953,954,绍兴,219,2,4.0,1.0,1,美食,小吃,其它小吃,3
954,955,广州,624,18,,,1,超市便利店,超市,,5
955,956,宁波,245,17,3.0,1.0,1,美食,休闲食品,其它休闲食品,3
956,957,成都,441,16,,,2,超市便利店,超市,,3
957,958,深圳,562,3,0.0,2.0,1,美食,火锅,其它火锅,4
958,959,杭州,521,5,2.0,4.0,1,美食,休闲食品,零食,5
959,960,南京,284,1,3.0,1.0,1,美食,小吃,面点,5
960,961,北京,610,10,3.0,14.0,3,美食,快餐,西式快餐,5
961,962,嘉兴,395,17,3.0,3.0,1,美食,休闲食品,零食,2
962,963,上海,1127,16,1.0,1.0,1,美食,快餐,中式快餐,5
963,964,南京,469,9,2.0,5.0,1,美食,小吃,其它小吃,5
964,965,广州,173,15,2.0,2.0,3,美食,休闲食品,生鲜水果,5
965,966,苏州,933,3,3.0,2.0,1,美食,小吃,面点,4
966,967,南京,680,5,2.0,2.0,1,美食,小吃,面点,5
967,968,杭州,749,5,4.0,0.0,2,超市便利店,便利店,,5
968,969,温州,1129,20,1.0,3.0,3,美食,中餐,江浙菜,4
969,970,北京,1130,6,,,2,超市便利店,便利店,,5
970,971,武汉,737,14,4.0,0.0,2,超市便利店,超市,,5
971,972,金华,1158,14,3.0,14.0,3,美食,快餐,西式快餐,3
972,973,合肥,599,16,,,1,超市便利店,超市,,3
973,974,武汉,608,1,3.0,0.0,1,美食,小吃,熟食,5
974,975,广州,36,11,2.0,5.0,3,美食,快餐,西式快餐,5
975,976,广州,944,4,4.0,0.0,1,超市便利店,便利店,,5
976,977,广州,746,6,1.0,3.0,1,美食,快餐,中式快餐,5
977,978,温州,822,3,4.0,0.0,2,超市便利店,便利店,,4
978,979,苏州,431,17,0.0,0.0,2,超市便利店,超市,,4
979,980,长沙,646,9,3.0,4.0,3,美食,快餐,西式快餐,2
980,981,武汉,524,11,2.0,2.0,3,美食,中餐,川菜,5
981,982,上海,420,17,2.0,2.0,2,美食,快餐,中式快餐,5
982,983,北京,222,5,1.0,1.0,1,美食,休闲食品,生鲜水果,5
983,984,天津,728,9,4.0,8.0,3,美食,休闲茶饮,饮品/甜点,2
984,985,北京,77,7,,,2,超市便利店,便利店,,5
985,986,株洲,78,6,4.0,0.0,1,超市便利店,超市,,1
986,987,上海,1032,18,3.0,1.0,1,美食,汤/粥/煲/砂锅/炖菜,粥,5
987,988,上海,413,19,4.0,0.0,2,超市便利店,超市,,5
988,989,杭州,1120,15,3.0,2.0,1,美食,小吃,面点,5
989,990,苏州,400,10,3.0,9.0,3,美食,快餐,西式快餐,4
990,991,荆门,33,17,,,1,超市便利店,便利店,,1
991,992,武汉,510,5,2.0,2.0,1,美食,快餐,中式快餐,5
992,993,上海,417,9,2.0,1.0,1,美食,小吃,其它小吃,5
993,994,嘉兴,938,11,3.0,1.0,2,美食,休闲茶饮,奶茶,2
994,995,温州,481,16,,,1,超市便利店,超市,,4
995,996,北京,601,9,2.0,3.0,1,美食,休闲食品,生鲜水果,5
996,997,绍兴,219,2,3.0,2.0,1,美食,小吃,米粉/米线,3
997,998,东莞,858,16,1.0,0.0,1,超市便利店,超市,,2
998,999,深圳,991,7,3.0,9.0,3,美食,快餐,西式快餐,4
999,1000,广州,552,20,1.0,4.0,3,美食,中餐,川菜,5
1000,1001,合肥,838,20,0.0,1.0,1,美食,中餐,江浙菜,3
1001,1002,北京,113,10,3.0,1.0,1,美食,休闲茶饮,冰激凌,5
1002,1003,杭州,264,18,2.0,0.0,1,美食,中餐,其它地方菜,5
1003,1004,广州,590,3,2.0,1.0,1,美食,休闲食品,其它休闲食品,5
1004,1005,杭州,485,1,4.0,0.0,1,美食,小吃,面点,5
1005,1006,襄阳,875,18,4.0,0.0,2,超市便利店,超市,,1
1006,1007,南京,644,9,,,1,超市便利店,超市,,5
1007,1008,成都,637,20,2.0,2.0,1,美食,火锅,麻辣烫/串串香,3
1008,1009,杭州,850,3,3.0,2.0,2,美食,休闲茶饮,饮品/甜点,5
1009,1010,北京,517,6,4.0,1.0,1,美食,小吃,其它小吃,5
1010,1011,广州,36,2,4.0,0.0,1,超市便利店,便利店,,5
1011,1012,苏州,933,7,3.0,1.0,1,美食,快餐,中式快餐,4
1012,1013,北京,388,2,3.0,0.0,1,超市便利店,便利店,,5
1013,1014,南京,715,11,1.0,1.0,1,美食,快餐,中式快餐,5
1014,1015,温州,442,11,3.0,0.0,1,美食,休闲食品,生鲜水果,4
1015,1016,宁波,786,19,3.0,0.0,1,美食,休闲食品,生鲜水果,3
1016,1017,邢台,1077,18,,,2,超市便利店,超市,,1
1017,1018,深圳,1109,18,2.0,0.0,2,超市便利店,超市,,4
1018,1019,舟山,169,9,2.0,3.0,3,美食,快餐,中式快餐,1
1019,1020,石家庄,873,3,3.0,0.0,2,超市便利店,便利店,,1
1020,1021,无锡,1064,9,,,1,超市便利店,超市,,3
1021,1022,苏州,389,3,0.0,0.0,2,超市便利店,便利店,,4
1022,1023,葫芦岛,282,14,3.0,4.0,3,美食,快餐,西式快餐,1
1023,1024,青岛,458,4,4.0,0.0,2,超市便利店,便利店,,3
1024,1025,常州,121,20,,,2,超市便利店,超市,,2
1025,1026,广州,156,17,2.0,3.0,1,美食,休闲食品,其它休闲食品,5
1026,1027,武汉,945,11,3.0,3.0,1,美食,快餐,中式快餐,5
1027,1028,深圳,531,2,4.0,0.0,2,超市便利店,便利店,,4
1028,1029,杭州,181,9,3.0,2.0,1,美食,小吃,面点,5
1029,1030,北京,1130,14,4.0,3.0,3,美食,烘焙糕点,面包,5
1030,1031,青岛,769,19,3.0,2.0,1,美食,中餐,其它地方菜,3
1031,1032,杭州,1097,14,4.0,4.0,3,美食,休闲食品,生鲜水果,5
1032,1033,深圳,981,13,3.0,3.0,3,美食,快餐,西式快餐,4
1033,1034,太原,619,9,3.0,6.0,3,美食,快餐,西式快餐,1
1034,1035,南京,673,13,3.0,12.0,3,美食,快餐,西式快餐,5
1035,1036,武汉,213,4,3.0,2.0,1,美食,烘焙糕点,面包,5
1036,1037,深圳,596,9,3.0,5.0,3,美食,快餐,西式快餐,4
1037,1038,宁波,798,17,0.0,0.0,1,超市便利店,超市,,3
1038,1039,福州,537,17,4.0,0.0,2,超市便利店,超市,,3
1039,1040,西安,75,7,3.0,2.0,1,美食,休闲茶饮,饮品/甜点,2
1040,1041,南平,888,18,,,2,超市便利店,超市,,1
1041,1042,宁波,230,20,,,2,超市便利店,超市,,3
1042,1043,武汉,1081,9,3.0,6.0,3,美食,快餐,西式快餐,5
1043,1044,武汉,435,10,2.0,1.0,3,美食,中餐,川菜,5
1044,1045,北京,566,13,,,1,超市便利店,超市,,5
1045,1046,青岛,344,5,,,1,超市便利店,便利店,,3
1046,1047,深圳,194,5,0.0,1.0,1,美食,快餐,中式快餐,4
1047,1048,金华,492,6,,,2,超市便利店,便利店,,3
1048,1049,深圳,531,7,3.0,5.0,3,美食,快餐,西式快餐,4
1049,1050,南通,127,2,3.0,1.0,1,美食,休闲食品,生鲜水果,2
1050,1051,上海,497,15,3.0,2.0,3,美食,休闲食品,生鲜水果,5
1051,1052,上海,675,19,,,2,超市便利店,超市,,5
1052,1053,上海,339,11,,,1,超市便利店,超市,,5
1053,1054,南京,1106,2,4.0,1.0,1,美食,休闲茶饮,奶茶,5
1054,1055,南京,172,4,4.0,3.0,1,美食,休闲茶饮,奶茶,5
1055,1056,上海,709,4,3.0,4.0,3,美食,休闲茶饮,奶茶,5
1056,1057,杭州,592,11,0.0,1.0,1,美食,快餐,中式快餐,5
1057,1058,南昌,179,1,3.0,2.0,1,美食,休闲茶饮,冰激凌,2
1058,1059,苏州,220,15,2.0,2.0,1,美食,休闲食品,生鲜水果,4
1059,1060,广州,853,2,2.0,1.0,1,美食,烘焙糕点,面包,5
1060,1061,广州,541,11,2.0,12.0,3,美食,快餐,西式快餐,5
1061,1062,天津,992,9,4.0,6.0,3,美食,快餐,西式快餐,2
1062,1063,张家口,678,19,,,2,超市便利店,超市,,1
1063,1064,温州,158,5,4.0,0.0,2,超市便利店,便利店,,4
1064,1065,武汉,435,1,3.0,1.0,1,美食,小吃,面点,5
1065,1066,北京,1101,9,3.0,6.0,3,美食,快餐,西式快餐,5
1066,1067,福州,851,2,1.0,1.0,1,美食,休闲食品,生鲜水果,3
1067,1068,上海,609,13,2.0,2.0,2,美食,快餐,中式快餐,5
1068,1069,重庆,579,18,,,2,超市便利店,超市,,2
1069,1070,温州,1014,14,,,1,超市便利店,超市,,4
1070,1071,宁波,764,2,2.0,2.0,1,美食,休闲食品,生鲜水果,3
1071,1072,无锡,352,2,2.0,1.0,2,超市便利店,超市,,3
1072,1073,南京,73,12,4.0,1.0,1,美食,中餐,其它地方菜,5
1073,1074,上海,134,7,3.0,2.0,1,美食,小吃,其它小吃,5
1074,1075,台州,755,11,2.0,3.0,2,美食,快餐,中式快餐,1
1075,1076,苏州,310,12,3.0,1.0,1,美食,休闲食品,其它休闲食品,4
1076,1077,长沙,26,14,3.0,2.0,3,美食,快餐,西式快餐,2
1077,1078,福州,851,2,4.0,1.0,1,美食,小吃,其它小吃,3
1078,1079,沈阳,598,12,4.0,7.0,3,美食,快餐,西式快餐,2
1079,1080,南京,742,16,4.0,0.0,2,超市便利店,超市,,5
1080,1081,广州,488,3,3.0,0.0,1,超市便利店,便利店,,5
1081,1082,深圳,332,19,4.0,1.0,1,美食,其他美食,西餐,4
1082,1083,成都,232,3,3.0,3.0,1,美食,休闲食品,生鲜水果,3
1083,1084,南通,27,14,3.0,6.0,3,美食,快餐,西式快餐,2
1084,1085,南昌,1131,10,3.0,5.0,3,美食,快餐,西式快餐,2
1085,1086,北京,322,12,3.0,3.0,1,美食,休闲食品,生鲜水果,5
1086,1087,北京,1038,20,3.0,4.0,2,美食,中餐,江浙菜,5
1087,1088,上海,725,10,3.0,1.0,2,美食,烘焙糕点,面包,5
1088,1089,上海,809,16,3.0,1.0,3,美食,休闲茶饮,饮品/甜点,5
1089,1090,杭州,383,2,,,2,超市便利店,便利店,,5
1090,1091,济南,824,4,2.0,2.0,2,美食,快餐,中式快餐,3
1091,1092,上海,315,11,3.0,7.0,3,美食,快餐,西式快餐,5
1092,1093,武汉,1024,5,0.0,1.0,1,美食,其他美食,其他餐饮美食,5
1093,1094,上海,466,13,3.0,7.0,3,美食,快餐,西式快餐,5
1094,1095,青岛,1015,3,3.0,0.0,1,超市便利店,便利店,,3
1095,1096,上海,639,10,3.0,1.0,1,美食,快餐,中式快餐,5
1096,1097,东营,477,14,2.0,4.0,3,美食,快餐,西式快餐,1
1097,1098,武汉,85,1,2.0,1.0,1,美食,快餐,中式快餐,5
1098,1099,广州,155,17,2.0,2.0,1,美食,中餐,西北菜,5
1099,1100,上海,489,18,4.0,2.0,1,美食,休闲茶饮,饮品/甜点,5
1100,1101,苏州,745,13,3.0,6.0,3,美食,快餐,西式快餐,4
1101,1102,广州,1076,10,3.0,7.0,3,美食,快餐,西式快餐,5
1102,1103,温州,936,2,3.0,1.0,1,美食,休闲食品,零食,4
1103,1104,上海,1116,19,3.0,0.0,2,超市便利店,超市,,5
1104,1105,杭州,250,7,3.0,2.0,1,美食,小吃,熟食,5
1105,1106,成都,112,1,2.0,0.0,1,美食,快餐,中式快餐,3
1106,1107,湖州,885,6,3.0,1.0,1,美食,休闲茶饮,奶茶,1
1107,1108,南京,1126,20,4.0,6.0,3,美食,火锅,川味/重庆火锅,5
1108,1109,北京,772,12,3.0,8.0,3,美食,快餐,西式快餐,5
1109,1110,杭州,286,14,3.0,3.0,1,美食,小吃,面点,5
1110,1111,上海,697,5,3.0,0.0,2,超市便利店,便利店,,5
1111,1112,深圳,1028,11,2.0,7.0,3,美食,快餐,西式快餐,4
1112,1113,温州,722,3,2.0,0.0,2,超市便利店,便利店,,4
1113,1114,上海,943,1,4.0,1.0,1,美食,小吃,面点,5
1114,1115,北京,388,12,1.0,2.0,3,美食,快餐,中式快餐,5
1115,1116,南京,526,2,4.0,0.0,2,超市便利店,便利店,,5
1116,1117,广州,11,9,3.0,8.0,3,美食,快餐,西式快餐,5
1117,1118,杭州,1093,15,3.0,4.0,3,美食,小吃,其它小吃,5
1118,1119,杭州,378,16,3.0,1.0,1,美食,小吃,米粉/米线,5
1119,1120,青岛,325,13,3.0,4.0,3,美食,快餐,西式快餐,3
1120,1121,厦门,955,13,2.0,11.0,3,美食,快餐,西式快餐,3
1121,1122,珠海,719,2,4.0,4.0,1,美食,休闲食品,其它休闲食品,1
1122,1123,武汉,683,19,4.0,0.0,2,超市便利店,超市,,5
1123,1124,武汉,416,10,3.0,4.0,2,美食,休闲茶饮,冰激凌,5
1124,1125,广州,47,14,1.0,14.0,3,美食,快餐,西式快餐,5
1125,1126,淮安,963,13,3.0,6.0,3,美食,快餐,西式快餐,1
1126,1127,福州,611,12,3.0,2.0,3,美食,烘焙糕点,面包,3
1127,1128,武汉,290,16,3.0,3.0,3,美食,小吃,其它小吃,5
1128,1129,南昌,591,15,2.0,6.0,3,美食,快餐,西式快餐,2
1129,1130,温州,174,9,3.0,1.0,1,美食,休闲食品,生鲜水果,4
1130,1131,济南,443,2,3.0,2.0,2,美食,快餐,中式快餐,3
1131,1132,上海,627,12,,,1,超市便利店,超市,,5
1132,1133,济南,539,6,,,1,超市便利店,便利店,,3
1133,1134,长沙,1138,13,2.0,6.0,3,美食,快餐,西式快餐,2
1134,1135,苏州,1147,12,3.0,11.0,3,美食,快餐,西式快餐,4
1135,1136,佛山,82,12,,,1,超市便利店,超市,,2
1136,1137,湛江,700,17,,,1,超市便利店,超市,,1
1137,1138,南京,1126,8,3.0,2.0,1,美食,小吃,面点,5
1138,1139,佛山,88,12,2.0,6.0,3,美食,快餐,西式快餐,2
1139,1140,上海,1032,15,3.0,2.0,1,美食,汤/粥/煲/砂锅/炖菜,砂锅/煲类/炖菜,5
1140,1141,济南,111,4,3.0,2.0,1,美食,小吃,米粉/米线,3
1141,1142,石家庄,703,19,3.0,2.0,1,美食,中餐,其它地方菜,1
1142,1143,温州,693,4,4.0,3.0,1,美食,休闲茶饮,奶茶,4
1143,1144,上海,301,18,,,2,超市便利店,超市,,5
1144,1145,上海,247,10,3.0,1.0,1,美食,烘焙糕点,面包,5
1145,1146,武汉,581,16,4.0,0.0,2,超市便利店,超市,,5
1146,1147,南京,680,9,1.0,3.0,1,美食,休闲食品,生鲜水果,5
1147,1148,厦门,770,7,,,1,超市便利店,超市,,3
1148,1149,南昌,886,6,2.0,1.0,1,美食,快餐,西式快餐,2
1149,1150,上海,1003,19,4.0,0.0,2,超市便利店,超市,,5
1150,1151,深圳,734,9,2.0,8.0,3,美食,快餐,西式快餐,4
1151,1152,上海,1116,10,3.0,4.0,1,美食,烘焙糕点,面包,5
1152,1153,上海,1065,8,3.0,6.0,3,美食,快餐,西式快餐,5
1153,1154,常州,390,6,2.0,1.0,1,美食,快餐,中式快餐,2
1154,1155,温州,442,15,3.0,1.0,1,美食,休闲食品,生鲜水果,4
1155,1156,锦州,887,18,,,2,超市便利店,超市,,1
1156,1157,北京,1043,5,2.0,1.0,1,美食,小吃,其它小吃,5
1157,1158,杭州,589,10,,,1,超市便利店,超市,,5
1158,1159,杭州,521,15,2.0,2.0,1,美食,中餐,东北菜,5
1159,1160,上海,854,6,,,2,超市便利店,便利店,,5
1160,1161,泉州,147,12,2.0,3.0,3,美食,快餐,西式快餐,1
1161,1162,上海,519,10,3.0,1.0,1,美食,烘焙糕点,蛋糕,5
1162,1163,上海,1032,16,3.0,1.0,1,美食,小吃,面点,5
1163,1164,大连,16,6,4.0,4.0,3,美食,休闲茶饮,饮品/甜点,2
1164,1165,广州,568,11,2.0,7.0,3,美食,快餐,西式快餐,5
1165,1166,苏州,470,12,3.0,6.0,3,美食,快餐,西式快餐,4
1166,1167,南平,468,18,,,2,超市便利店,超市,,1
1167,1168,蚌埠,371,18,,,2,超市便利店,超市,,1
1168,1169,温州,211,16,1.0,3.0,1,美食,休闲食品,生鲜水果,4
1169,1170,宁波,656,16,,,1,超市便利店,超市,,3
1170,1171,淮安,959,14,2.0,5.0,3,美食,快餐,西式快餐,1
1171,1172,温州,585,20,1.0,3.0,3,美食,其他美食,西餐,4
1172,1173,杭州,895,15,3.0,3.0,2,美食,快餐,西式快餐,5
1173,1174,武汉,557,3,,,1,超市便利店,便利店,,5
1174,1175,西安,487,6,3.0,3.0,1,美食,小吃,其它小吃,2
1175,1176,绍兴,214,17,2.0,0.0,2,超市便利店,超市,,3
1176,1177,杭州,978,11,3.0,3.0,1,美食,休闲食品,生鲜水果,5
1177,1178,福州,122,5,1.0,2.0,1,美食,快餐,中式快餐,3
1178,1179,南昌,964,3,3.0,1.0,1,美食,小吃,米粉/米线,2
1179,1180,杭州,1093,9,3.0,3.0,2,美食,烘焙糕点,面包,5
1180,1181,绍兴,615,15,3.0,12.0,3,美食,快餐,西式快餐,3
1181,1182,深圳,531,8,3.0,2.0,1,美食,休闲茶饮,奶茶,4
1182,1183,上海,1098,15,,,1,超市便利店,超市,,5
1183,1184,武汉,606,5,3.0,4.0,1,美食,休闲茶饮,奶茶,5
1184,1185,武汉,209,1,1.0,0.0,1,美食,快餐,中式快餐,5
1185,1186,成都,597,5,,,1,超市便利店,超市,,3
1186,1187,镇江,372,13,3.0,5.0,3,美食,快餐,西式快餐,1
1187,1188,武汉,737,1,3.0,2.0,1,美食,休闲茶饮,奶茶,5
1188,1189,郑州,1151,1,3.0,0.0,1,美食,中餐,其它地方菜,2
1189,1190,苏州,314,13,3.0,18.0,3,美食,快餐,西式快餐,4
1190,1191,合肥,254,15,,,1,超市便利店,超市,,3
1191,1192,北京,430,18,3.0,3.0,3,美食,火锅,其它火锅,5
1192,1193,上海,642,7,4.0,1.0,1,美食,休闲茶饮,奶茶,5
1193,1194,苏州,496,14,,,1,超市便利店,超市,,4
1194,1195,温州,1006,14,2.0,6.0,3,美食,快餐,西式快餐,4
1195,1196,抚顺,548,16,4.0,0.0,2,超市便利店,超市,,1
1196,1197,北京,1096,10,3.0,10.0,3,美食,快餐,西式快餐,5
1197,1198,上海,643,15,3.0,2.0,3,美食,休闲食品,生鲜水果,5
1198,1199,北京,880,8,,,2,超市便利店,便利店,,5
1199,1200,温州,704,5,4.0,0.0,2,超市便利店,便利店,,4
1200,1201,宁波,436,7,3.0,4.0,1,美食,休闲食品,生鲜水果,3
1201,1202,江门,1016,6,2.0,3.0,3,美食,快餐,西式快餐,1
1202,1203,上海,153,5,3.0,4.0,3,美食,休闲茶饮,奶茶,5
1203,1204,上海,153,16,3.0,0.0,2,超市便利店,超市,,5
1204,1205,绍兴,634,4,4.0,2.0,1,美食,休闲食品,生鲜水果,3
1205,1206,北京,186,15,,,1,超市便利店,超市,,5
1206,1207,天津,1004,12,3.0,5.0,3,美食,快餐,西式快餐,2
1207,1208,福州,226,15,3.0,3.0,2,美食,快餐,西式快餐,3
1208,1209,上海,153,19,1.0,1.0,1,美食,中餐,粤菜,5
1209,1210,南宁,804,15,2.0,4.0,3,美食,快餐,西式快餐,2
1210,1211,南京,399,8,3.0,9.0,3,美食,快餐,西式快餐,5
1211,1212,无锡,200,17,,,1,超市便利店,超市,,3
1212,1213,北京,86,11,3.0,6.0,3,美食,烘焙糕点,面包,5
1213,1214,上海,255,7,1.0,0.0,1,美食,中餐,上海本帮菜,5
1214,1215,青岛,1001,4,,,2,超市便利店,便利店,,3
1215,1216,武汉,653,8,1.0,1.0,1,美食,快餐,中式快餐,5
1216,1217,西安,171,15,2.0,10.0,3,美食,快餐,西式快餐,2
1217,1218,北京,836,5,4.0,0.0,2,超市便利店,便利店,,5
1218,1219,西安,1020,8,3.0,4.0,3,美食,快餐,西式快餐,2
1219,1220,武汉,209,2,,,1,超市便利店,便利店,,5
1220,1221,合肥,814,5,4.0,7.0,1,美食,休闲茶饮,奶茶,3
1221,1222,成都,274,9,1.0,2.0,1,美食,快餐,中式快餐,3
1222,1223,上海,1127,6,3.0,1.0,1,美食,其他美食,日韩料理,5
1223,1224,无锡,805,14,2.0,5.0,3,美食,快餐,西式快餐,3
1224,1225,深圳,195,5,1.0,1.0,1,美食,快餐,中式快餐,4
1225,1226,杭州,361,17,3.0,0.0,2,超市便利店,超市,,5
1226,1227,温州,442,11,3.0,0.0,1,超市便利店,超市,,4
1227,1228,南京,221,14,4.0,0.0,2,超市便利店,超市,,5
1228,1229,广州,132,6,2.0,1.0,1,超市便利店,超市,,5
1229,1230,南京,1155,2,4.0,1.0,1,美食,小吃,米粉/米线,5
1230,1231,乐山,890,19,,,2,超市便利店,超市,,1
1231,1232,深圳,1069,6,,,1,超市便利店,超市,,4
1232,1233,长沙,618,9,3.0,3.0,3,美食,快餐,西式快餐,2
1233,1234,郑州,549,6,3.0,4.0,3,美食,快餐,西式快餐,2
1234,1235,南京,172,8,2.0,1.0,1,美食,快餐,中式快餐,5
1235,1236,宁波,230,14,0.0,0.0,1,超市便利店,超市,,3
1236,1237,北京,1099,11,3.0,5.0,3,美食,快餐,西式快餐,5
1237,1238,温州,585,2,4.0,0.0,2,超市便利店,便利店,,4
1238,1239,温州,840,6,4.0,0.0,2,超市便利店,便利店,,4
1239,1240,武汉,85,1,2.0,0.0,1,美食,快餐,中式快餐,5
1240,1241,上海,1054,6,4.0,2.0,1,美食,休闲茶饮,奶茶,5
1241,1242,绍兴,214,6,2.0,2.0,3,美食,快餐,中式快餐,3
1242,1243,西安,1156,1,3.0,1.0,1,美食,休闲茶饮,奶茶,2
1243,1244,武汉,825,12,3.0,14.0,3,美食,快餐,西式快餐,5
1244,1245,上海,168,4,0.0,0.0,2,超市便利店,便利店,,5
1245,1246,杭州,1093,14,2.0,2.0,1,美食,快餐,其它快餐,5
1246,1247,苏州,902,7,3.0,3.0,1,美食,快餐,中式快餐,4
1247,1248,成都,573,6,,,1,超市便利店,超市,,3
1248,1249,杭州,520,12,3.0,4.0,3,美食,快餐,中式快餐,5
1249,1250,广州,533,2,2.0,0.0,2,超市便利店,便利店,,5
1250,1251,杭州,124,7,3.0,3.0,1,美食,休闲食品,生鲜水果,5
1251,1252,南京,680,16,3.0,4.0,3,美食,小吃,其它小吃,5
1252,1253,无锡,289,17,,,1,超市便利店,超市,,3
1253,1254,宜昌,483,18,4.0,0.0,1,超市便利店,超市,,1
1254,1255,黄山,25,16,2.0,5.0,3,美食,快餐,西式快餐,1
1255,1256,北京,1117,14,,,1,超市便利店,超市,,5
1256,1257,厦门,59,18,,,2,超市便利店,超市,,3
1257,1258,杭州,485,2,4.0,3.0,2,美食,休闲茶饮,饮品/甜点,5
1258,1259,宜昌,1084,10,2.0,3.0,1,美食,快餐,中式快餐,1
1259,1260,武汉,1072,6,2.0,1.0,1,美食,休闲食品,生鲜水果,5
1260,1261,北京,42,15,2.0,2.0,1,美食,快餐,其它快餐,5
1261,1262,南京,680,12,3.0,3.0,3,美食,烘焙糕点,面包,5
1262,1263,淮安,1071,17,2.0,0.0,2,超市便利店,超市,,1
1263,1264,宝鸡,987,18,,,2,超市便利店,超市,,1
1264,1265,南昌,848,1,2.0,1.0,1,美食,休闲茶饮,奶茶,2
1265,1266,北京,42,5,0.0,0.0,1,超市便利店,便利店,,5
1266,1267,常州,480,18,,,1,超市便利店,超市,,2
1267,1268,南京,575,8,4.0,0.0,2,超市便利店,超市,,5
1268,1269,厦门,1107,1,2.0,0.0,2,超市便利店,便利店,,3
1269,1270,北京,113,11,3.0,2.0,3,美食,休闲茶饮,冰激凌,5
1270,1271,杭州,523,17,4.0,0.0,2,超市便利店,超市,,5
1271,1272,成都,474,1,3.0,1.0,1,美食,小吃,其它小吃,3
1272,1273,南京,499,11,3.0,8.0,3,美食,快餐,西式快餐,5
1273,1274,广州,853,1,3.0,0.0,1,美食,休闲茶饮,饮品/甜点,5
1274,1275,徐州,348,14,1.0,8.0,3,美食,快餐,西式快餐,1
1275,1276,深圳,813,6,1.0,2.0,1,美食,快餐,中式快餐,4
1276,1277,青岛,603,14,3.0,5.0,3,美食,快餐,西式快餐,3
1277,1278,镇江,62,5,3.0,1.0,1,美食,休闲茶饮,饮品/甜点,1
1278,1279,青岛,154,3,3.0,0.0,2,超市便利店,便利店,,3
1279,1280,宁波,207,8,3.0,1.0,1,美食,火锅,麻辣烫/串串香,3
1280,1281,无锡,460,11,3.0,5.0,3,美食,快餐,西式快餐,3
1281,1282,武汉,1007,7,2.0,2.0,3,美食,快餐,中式快餐,5
1282,1283,南通,18,19,4.0,0.0,2,超市便利店,超市,,2
1283,1284,合肥,720,12,3.0,4.0,3,美食,快餐,西式快餐,3
1284,1285,杭州,849,10,0.0,1.0,1,美食,快餐,中式快餐,5
1285,1286,北京,256,18,4.0,2.0,1,美食,小吃,其它小吃,5
1286,1287,武汉,608,5,3.0,2.0,1,美食,休闲食品,零食,5
1287,1288,杭州,1094,4,3.0,2.0,3,美食,休闲茶饮,奶茶,5
1288,1289,上海,554,20,1.0,1.0,1,美食,中餐,台湾菜,5
1289,1290,郑州,962,6,4.0,2.0,2,美食,休闲茶饮,饮品/甜点,2
1290,1291,广州,552,20,2.0,6.0,3,美食,中餐,川菜,5
1291,1292,广州,711,7,3.0,10.0,3,美食,快餐,西式快餐,5
1292,1293,杭州,264,9,3.0,4.0,3,美食,烘焙糕点,蛋糕,5
1293,1294,深圳,194,6,2.0,2.0,3,美食,快餐,西式快餐,4
1294,1295,重庆,272,16,3.0,2.0,1,美食,烘焙糕点,蛋糕,2
1295,1296,上海,921,19,4.0,0.0,2,超市便利店,超市,,5
1296,1297,北京,19,10,3.0,8.0,3,美食,快餐,西式快餐,5
1297,1298,苏州,868,8,4.0,2.0,1,美食,休闲茶饮,奶茶,4
1298,1299,无锡,68,13,3.0,9.0,3,美食,快餐,西式快餐,3
1299,1300,杭州,485,3,3.0,2.0,1,美食,小吃,其它小吃,5
1300,1301,潍坊,560,9,4.0,4.0,3,美食,休闲茶饮,饮品/甜点,1
1301,1302,北京,980,19,,,2,超市便利店,超市,,5
1302,1303,上海,709,5,0.0,0.0,2,超市便利店,便利店,,5
1303,1304,武汉,892,18,,,2,超市便利店,超市,,5
1304,1305,金华,201,1,2.0,0.0,1,美食,小吃,其它小吃,3
1305,1306,北京,94,19,,,2,超市便利店,超市,,5
1306,1307,温州,936,6,4.0,1.0,1,美食,休闲食品,零食,4
1307,1308,杭州,146,6,2.0,11.0,1,美食,快餐,中式快餐,5
1308,1309,上海,554,9,2.0,5.0,2,美食,烘焙糕点,蛋糕,5
1309,1310,深圳,79,16,4.0,0.0,2,超市便利店,超市,,4
1310,1311,广州,488,20,2.0,5.0,3,美食,其他美食,西餐,5
1311,1312,莆田,190,10,3.0,5.0,3,美食,快餐,西式快餐,1
1312,1313,汉中,744,15,3.0,6.0,3,美食,快餐,西式快餐,1
1313,1314,深圳,407,9,3.0,5.0,3,美食,快餐,西式快餐,4
1314,1315,北京,396,11,3.0,13.0,3,美食,快餐,西式快餐,5
1315,1316,上海,1061,18,2.0,2.0,1,美食,其他美食,日韩料理,5
1316,1317,上海,1110,10,3.0,1.0,2,美食,烘焙糕点,面包,5
1317,1318,杭州,1093,4,3.0,3.0,2,美食,休闲茶饮,饮品/甜点,5
1318,1319,深圳,237,8,3.0,3.0,3,美食,快餐,中式快餐,4
1319,1320,上海,1127,15,0.0,1.0,1,美食,中餐,其它地方菜,5
1320,1321,上海,1114,18,4.0,1.0,1,美食,休闲食品,生鲜水果,5
1321,1322,杭州,1093,20,4.0,8.0,3,美食,火锅,川味/重庆火锅,5
1322,1323,成都,563,1,3.0,0.0,1,美食,休闲茶饮,饮品/甜点,3
1323,1324,南京,73,10,3.0,9.0,3,美食,快餐,西式快餐,5
1324,1325,武汉,317,11,3.0,4.0,2,美食,烘焙糕点,蛋糕,5
1325,1326,金华,1158,18,4.0,0.0,1,超市便利店,超市,,3
1326,1327,杭州,974,17,3.0,0.0,2,超市便利店,超市,,5
1327,1328,北京,249,19,2.0,2.0,1,美食,中餐,其它地方菜,5
1328,1329,南京,172,5,4.0,0.0,2,超市便利店,便利店,,5
1329,1330,东莞,1048,9,2.0,2.0,3,美食,快餐,西式快餐,2
1330,1331,上海,153,11,3.0,1.0,1,美食,其他美食,日韩料理,5
1331,1332,杭州,1093,15,3.0,14.0,3,美食,快餐,西式快餐,5
1332,1333,广州,973,1,3.0,1.0,1,美食,休闲食品,其它休闲食品,5
1333,1334,杭州,760,4,,,2,超市便利店,便利店,,5
1334,1335,苏州,389,9,3.0,5.0,3,美食,快餐,西式快餐,4
1335,1336,金华,492,12,,,1,超市便利店,便利店,,3
1336,1337,南京,673,19,3.0,2.0,1,美食,其他美食,日韩料理,5
1337,1338,上海,924,7,2.0,2.0,3,美食,快餐,中式快餐,5
1338,1339,无锡,751,12,3.0,9.0,3,美食,快餐,西式快餐,3
1339,1340,北京,574,18,3.0,4.0,1,美食,中餐,其它地方菜,5
1340,1341,广州,228,4,3.0,3.0,1,美食,快餐,中式快餐,5
1341,1342,宁波,436,13,2.0,2.0,1,美食,烘焙糕点,面包,3
1342,1343,杭州,1094,8,3.0,3.0,2,美食,烘焙糕点,蛋糕,5
1343,1344,北京,535,16,4.0,0.0,1,超市便利店,超市,,5
1344,1345,杭州,146,4,4.0,2.0,1,美食,小吃,其它小吃,5
1345,1346,杭州,287,19,,,2,超市便利店,超市,,5
1346,1347,深圳,195,10,2.0,11.0,3,美食,快餐,西式快餐,4
1347,1348,上海,501,10,3.0,4.0,3,美食,快餐,西式快餐,5
1348,1349,杭州,668,14,3.0,3.0,3,美食,烘焙糕点,蛋糕,5
1349,1350,杭州,1093,12,3.0,20.0,3,美食,快餐,西式快餐,5
1350,1351,宁波,436,6,3.0,2.0,1,美食,休闲茶饮,奶茶,3
1351,1352,深圳,368,12,3.0,7.0,3,美食,快餐,西式快餐,4
1352,1353,深圳,862,4,0.0,3.0,1,美食,快餐,中式快餐,4
1353,1354,杭州,225,8,3.0,8.0,1,美食,快餐,中式快餐,5
1354,1355,南京,215,10,3.0,18.0,3,美食,快餐,西式快餐,5
1355,1356,嘉兴,569,13,2.0,10.0,3,美食,快餐,西式快餐,2
1356,1357,重庆,561,18,,,2,超市便利店,超市,,2
1357,1358,上海,1085,19,,,2,超市便利店,超市,,5
1358,1359,青岛,1015,13,3.0,6.0,3,美食,快餐,西式快餐,3
1359,1360,无锡,188,3,0.0,0.0,2,超市便利店,便利店,,3
1360,1361,上海,662,4,4.0,0.0,2,超市便利店,便利店,,5
1361,1362,长治,224,15,3.0,6.0,3,美食,快餐,西式快餐,1
1362,1363,杭州,974,15,3.0,3.0,3,美食,烘焙糕点,蛋糕,5
1363,1364,杭州,941,20,2.0,1.0,3,美食,中餐,粤菜,5
1364,1365,南京,399,10,3.0,18.0,3,美食,快餐,西式快餐,5
1365,1366,上海,1127,16,2.0,1.0,1,美食,其他美食,其他餐饮美食,5
1366,1367,杭州,629,13,3.0,2.0,2,美食,快餐,西式快餐,5
1367,1368,广州,935,2,1.0,0.0,1,超市便利店,便利店,,5
1368,1369,杭州,631,15,3.0,2.0,3,美食,休闲食品,生鲜水果,5
1369,1370,济南,318,1,4.0,2.0,1,美食,休闲茶饮,奶茶,3
1370,1371,北京,916,17,4.0,3.0,2,美食,快餐,中式快餐,5
1371,1372,深圳,847,2,0.0,9.0,1,美食,快餐,中式快餐,4
1372,1373,深圳,657,20,4.0,0.0,2,超市便利店,超市,,4
1373,1374,天津,684,6,3.0,2.0,1,美食,快餐,西式快餐,2
1374,1375,武汉,979,3,3.0,1.0,1,美食,烘焙糕点,面包,5
1375,1376,武汉,1024,10,2.0,3.0,3,美食,中餐,川菜,5
1376,1377,烟台,556,14,3.0,13.0,3,美食,快餐,西式快餐,1
1377,1378,广州,57,10,3.0,2.0,1,美食,烘焙糕点,面包,5
1378,1379,上海,255,1,4.0,0.0,2,超市便利店,便利店,,5
1379,1380,青岛,291,4,4.0,2.0,2,美食,休闲茶饮,奶茶,3
1380,1381,青岛,344,2,3.0,0.0,2,超市便利店,便利店,,3
1381,1382,青岛,852,4,4.0,0.0,2,超市便利店,便利店,,3
1382,1383,杭州,485,1,3.0,1.0,1,美食,小吃,其它小吃,5
1383,1384,武汉,602,14,2.0,0.0,1,美食,快餐,其它快餐,5
1384,1385,上海,1033,7,,,1,超市便利店,超市,,5
1385,1386,宁波,798,13,3.0,1.0,1,美食,烘焙糕点,面包,3
1386,1387,上海,626,9,3.0,4.0,1,美食,烘焙糕点,蛋糕,5
1387,1388,肇庆,246,14,3.0,6.0,3,美食,快餐,西式快餐,1
1388,1389,大连,970,13,4.0,8.0,3,美食,快餐,西式快餐,2
1389,1390,天津,690,8,2.0,1.0,1,美食,快餐,中式快餐,2
1390,1391,武汉,85,1,1.0,0.0,1,美食,快餐,中式快餐,5
1391,1392,杭州,1091,3,0.0,3.0,1,美食,其他美食,其他餐饮美食,5
1392,1393,衢州,893,15,3.0,7.0,3,美食,快餐,西式快餐,1
1393,1394,上海,1127,8,,,1,超市便利店,超市,,5
1394,1395,苏州,961,12,3.0,7.0,3,美食,快餐,西式快餐,4
1395,1396,深圳,216,17,4.0,0.0,2,超市便利店,超市,,4
1396,1397,惠州,355,19,,,2,超市便利店,超市,,1
1397,1398,上海,643,17,3.0,2.0,3,美食,休闲茶饮,饮品/甜点,5
1398,1399,北京,580,10,3.0,4.0,2,美食,烘焙糕点,面包,5
1399,1400,宁波,764,1,3.0,0.0,1,美食,小吃,其它小吃,3
1400,1401,广州,155,15,3.0,3.0,3,美食,快餐,西式快餐,5
1401,1402,杭州,286,5,3.0,1.0,1,美食,小吃,其它小吃,5
1402,1403,深圳,966,12,1.0,0.0,2,超市便利店,超市,,4
1403,1404,上海,924,7,2.0,2.0,1,美食,火锅,麻辣烫/串串香,5
1404,1405,南京,399,11,2.0,1.0,1,美食,休闲食品,生鲜水果,5
1405,1406,青岛,120,7,4.0,0.0,2,超市便利店,便利店,,3
1406,1407,杭州,884,2,2.0,1.0,1,美食,小吃,其它小吃,5
1407,1408,合肥,814,7,0.0,1.0,1,美食,快餐,中式快餐,3
1408,1409,上海,943,7,2.0,2.0,3,美食,快餐,中式快餐,5
1409,1410,金华,1158,14,3.0,11.0,3,美食,快餐,西式快餐,3
1410,1411,上海,339,13,3.0,6.0,3,美食,快餐,西式快餐,5
1411,1412,泰州,638,13,3.0,10.0,3,美食,快餐,西式快餐,1
1412,1413,杭州,144,5,3.0,1.0,1,美食,快餐,中式快餐,5
1413,1414,北京,129,14,,,1,超市便利店,超市,,5
1414,1415,上海,752,10,,,1,超市便利店,超市,,5
1415,1416,绍兴,1063,5,4.0,3.0,1,美食,休闲茶饮,奶茶,3
1416,1417,大连,543,18,4.0,0.0,2,超市便利店,超市,,2
1417,1418,郑州,1151,1,2.0,0.0,1,美食,中餐,其它地方菜,2
1418,1419,杭州,32,5,0.0,1.0,1,美食,快餐,中式快餐,5
1419,1420,杭州,865,2,4.0,0.0,2,超市便利店,便利店,,5
1420,1421,上海,420,15,3.0,4.0,3,美食,快餐,西式快餐,5
1421,1422,武汉,737,19,3.0,0.0,1,美食,其他美食,其他餐饮美食,5
1422,1423,福州,985,17,,,2,超市便利店,超市,,3
1423,1424,上海,519,10,3.0,7.0,3,美食,快餐,西式快餐,5
1424,1425,温州,141,6,0.0,0.0,2,超市便利店,便利店,,4
1425,1426,杭州,378,2,,,2,超市便利店,便利店,,5
1426,1427,金华,1158,12,2.0,4.0,1,美食,小吃,其它小吃,3
1427,1428,天津,288,12,3.0,6.0,3,美食,快餐,西式快餐,2
1428,1429,杭州,286,10,3.0,3.0,3,美食,快餐,中式快餐,5
1429,1430,北京,823,6,3.0,0.0,1,美食,快餐,中式快餐,5
1430,1431,北京,199,16,4.0,4.0,2,美食,烘焙糕点,面包,5
1431,1432,南京,956,8,3.0,9.0,3,美食,快餐,西式快餐,5
1432,1433,深圳,1109,13,3.0,1.0,1,美食,烘焙糕点,其它烘焙糕点,4
1433,1434,杭州,89,6,2.0,5.0,1,美食,快餐,中式快餐,5
1434,1435,北京,142,14,3.0,6.0,3,美食,快餐,西式快餐,5
1435,1436,西安,1070,18,,,2,超市便利店,超市,,2
1436,1437,广州,541,7,1.0,4.0,1,美食,快餐,中式快餐,5
1437,1438,衢州,893,15,3.0,13.0,3,美食,快餐,西式快餐,1
1438,1439,南京,4,10,3.0,1.0,1,美食,休闲食品,生鲜水果,5
1439,1440,芜湖,1140,18,,,2,超市便利店,超市,,1
1440,1441,南京,4,15,,,2,超市便利店,超市,,5
1441,1442,上海,844,15,3.0,1.0,1,美食,快餐,其它快餐,5
1442,1443,南宁,784,5,2.0,3.0,1,美食,小吃,米粉/米线,2
1443,1444,北京,823,12,3.0,4.0,1,美食,休闲茶饮,饮品/甜点,5
1444,1445,杭州,363,16,3.0,0.0,2,超市便利店,超市,,5
1445,1446,杭州,865,2,,,2,超市便利店,便利店,,5
1446,1447,北京,402,9,2.0,1.0,1,美食,中餐,其它地方菜,5
1447,1448,东莞,391,16,1.0,1.0,1,美食,小吃,米粉/米线,2
1448,1449,天津,728,14,2.0,6.0,3,美食,快餐,西式快餐,2
1449,1450,北京,750,15,3.0,6.0,3,美食,快餐,西式快餐,5
1450,1451,苏州,503,6,2.0,2.0,1,美食,休闲食品,零食,4
1451,1452,深圳,758,15,3.0,6.0,3,美食,快餐,西式快餐,4
1452,1453,盐城,379,14,3.0,11.0,3,美食,快餐,西式快餐,1
1453,1454,大连,947,3,3.0,1.0,1,美食,其他美食,其他餐饮美食,2
1454,1455,佛山,1100,2,0.0,0.0,1,超市便利店,便利店,,2
1455,1456,宁波,878,20,2.0,3.0,1,美食,中餐,川菜,3
1456,1457,上海,709,10,2.0,1.0,1,美食,休闲食品,生鲜水果,5
1457,1458,上海,695,8,2.0,2.0,3,美食,快餐,中式快餐,5
1458,1459,珠海,81,13,3.0,2.0,2,美食,快餐,西式快餐,1
1459,1460,杭州,941,20,2.0,3.0,3,美食,中餐,江浙菜,5
1460,1461,杭州,361,8,3.0,17.0,3,美食,快餐,西式快餐,5
1461,1462,济南,38,3,2.0,2.0,2,美食,快餐,中式快餐,3
1462,1463,杭州,815,13,4.0,2.0,1,美食,休闲食品,生鲜水果,5
1463,1464,南京,284,6,4.0,2.0,1,美食,小吃,其它小吃,5
1464,1465,上海,649,20,4.0,0.0,2,超市便利店,超市,,5
1465,1466,福州,1075,15,,,2,超市便利店,超市,,3
1466,1467,武汉,676,11,3.0,4.0,3,美食,烘焙糕点,面包,5
1467,1468,苏州,1062,16,,,1,超市便利店,超市,,4
1468,1469,杭州,485,14,3.0,20.0,3,美食,快餐,西式快餐,5
1469,1470,大连,262,11,4.0,2.0,1,美食,休闲茶饮,咖啡,2
1470,1471,金华,437,15,3.0,7.0,3,美食,快餐,西式快餐,3
1471,1472,杭州,1094,5,4.0,7.0,1,美食,休闲茶饮,奶茶,5
1472,1473,厦门,326,3,4.0,2.0,1,美食,休闲茶饮,奶茶,3
1473,1474,上海,387,10,3.0,4.0,3,美食,快餐,西式快餐,5
1474,1475,潍坊,106,14,3.0,5.0,3,美食,快餐,西式快餐,1
1475,1476,济南,23,7,,,1,超市便利店,便利店,,3
1476,1477,广州,867,7,3.0,7.0,3,美食,快餐,西式快餐,5
1477,1478,绍兴,912,1,4.0,7.0,2,美食,休闲茶饮,奶茶,3
1478,1479,南昌,223,13,2.0,4.0,3,美食,快餐,西式快餐,2
1479,1480,合肥,362,9,3.0,3.0,3,美食,烘焙糕点,其它烘焙糕点,3
1480,1481,杭州,884,3,3.0,2.0,3,美食,休闲茶饮,奶茶,5
1481,1482,沈阳,360,16,,,2,超市便利店,超市,,2
1482,1483,厦门,1080,8,3.0,7.0,3,美食,快餐,西式快餐,3
1483,1484,南昌,801,17,3.0,0.0,2,超市便利店,超市,,2
1484,1485,上海,821,13,3.0,5.0,3,美食,快餐,西式快餐,5
1485,1486,广州,228,5,3.0,0.0,1,美食,小吃,其它小吃,5
1486,1487,重庆,754,3,1.0,1.0,1,美食,小吃,其它小吃,2
1487,1488,南京,1106,8,4.0,0.0,2,超市便利店,便利店,,5
1488,1489,上海,833,7,3.0,8.0,3,美食,快餐,西式快餐,5
1489,1490,咸宁,747,19,,,2,超市便利店,超市,,1
1490,1491,成都,1134,17,3.0,2.0,1,美食,烘焙糕点,面包,3
1491,1492,深圳,991,4,0.0,1.0,1,美食,快餐,中式快餐,4
1492,1493,上海,1127,15,2.0,0.0,2,美食,快餐,中式快餐,5
1493,1494,宁波,763,16,3.0,3.0,1,美食,烘焙糕点,面包,3
1494,1495,武汉,209,4,,,1,超市便利店,便利店,,5
1495,1496,南京,1095,13,4.0,0.0,2,超市便利店,超市,,5
1496,1497,绍兴,167,5,4.0,0.0,2,超市便利店,便利店,,3
1497,1498,成都,366,20,4.0,0.0,2,超市便利店,超市,,3
1498,1499,上海,1086,11,,,1,超市便利店,超市,,5
1499,1500,南京,123,17,,,1,超市便利店,超市,,5
1500,1501,上海,359,4,4.0,0.0,2,超市便利店,便利店,,5
1501,1502,广州,973,1,3.0,3.0,1,美食,休闲食品,生鲜水果,5
1502,1503,佛山,567,3,1.0,2.0,1,美食,快餐,中式快餐,2
1503,1504,常州,385,5,2.0,1.0,1,美食,小吃,面点,2
1504,1505,南京,1126,7,4.0,0.0,2,超市便利店,便利店,,5
1505,1506,六安,1045,19,0.0,0.0,2,超市便利店,超市,,1
1506,1507,温州,61,8,3.0,2.0,1,美食,休闲食品,生鲜水果,4
1507,1508,上海,904,18,1.0,0.0,2,超市便利店,超市,,5
1508,1509,重庆,1047,12,3.0,5.0,3,美食,快餐,西式快餐,2
1509,1510,上海,714,11,3.0,1.0,3,美食,休闲食品,生鲜水果,5
1510,1511,南京,399,8,2.0,3.0,1,美食,烘焙糕点,其它烘焙糕点,5
1511,1512,广州,47,15,3.0,5.0,3,美食,小吃,其它小吃,5
1512,1513,黄石,671,13,2.0,6.0,3,美食,快餐,西式快餐,1
1513,1514,温州,936,1,3.0,1.0,1,美食,小吃,其它小吃,4
1514,1515,北京,9,18,,,2,超市便利店,超市,,5
1515,1516,温州,1029,4,4.0,0.0,2,超市便利店,便利店,,4
1516,1517,北京,655,14,3.0,6.0,3,美食,快餐,西式快餐,5
1517,1518,思茅,670,19,4.0,0.0,2,超市便利店,超市,,1
1518,1519,杭州,749,12,3.0,5.0,3,美食,休闲食品,生鲜水果,5
1519,1520,南京,338,9,4.0,0.0,2,超市便利店,便利店,,5
1520,1521,杭州,382,8,0.0,1.0,1,美食,快餐,中式快餐,5
1521,1522,北京,402,17,,,2,超市便利店,超市,,5
1522,1523,江门,918,2,1.0,1.0,1,美食,烘焙糕点,面包,1
1523,1524,武汉,37,13,3.0,10.0,3,美食,快餐,西式快餐,5
1524,1525,南宁,636,10,2.0,4.0,1,美食,小吃,面点,2
1525,1526,南京,176,3,4.0,1.0,1,美食,烘焙糕点,面包,5
1526,1527,深圳,1057,12,2.0,4.0,3,美食,快餐,西式快餐,4
1527,1528,杭州,485,7,3.0,0.0,2,超市便利店,超市,,5
1528,1529,珠海,50,1,3.0,2.0,1,美食,休闲茶饮,奶茶,1
1529,1530,惠州,83,13,2.0,6.0,3,美食,快餐,西式快餐,1
1530,1531,上海,134,15,3.0,2.0,1,美食,烘焙糕点,面包,5
1531,1532,深圳,813,7,2.0,1.0,2,美食,烘焙糕点,面包,4
1532,1533,北京,319,18,3.0,10.0,3,美食,快餐,中式快餐,5
1533,1534,温州,61,3,3.0,0.0,2,超市便利店,便利店,,4
1534,1535,温州,585,19,,,2,超市便利店,超市,,4
1535,1536,无锡,721,3,4.0,0.0,2,超市便利店,便利店,,3
1536,1537,信阳,1025,15,3.0,7.0,3,美食,快餐,西式快餐,1
1537,1538,江门,1016,17,3.0,0.0,2,超市便利店,超市,,1
1538,1539,宁波,245,20,4.0,6.0,3,美食,火锅,川味/重庆火锅,3
1539,1540,扬州,1153,11,2.0,11.0,3,美食,快餐,西式快餐,1
1540,1541,长沙,718,14,2.0,4.0,3,美食,快餐,西式快餐,2
1541,1542,厦门,471,9,3.0,3.0,3,美食,快餐,西式快餐,3
1542,1543,长沙,1138,18,,,1,超市便利店,超市,,2
1543,1544,北京,273,18,2.0,0.0,2,超市便利店,超市,,5
1544,1545,武汉,416,15,4.0,0.0,2,超市便利店,超市,,5
1545,1546,北京,331,18,4.0,2.0,1,美食,小吃,其它小吃,5
1546,1547,南京,434,20,2.0,3.0,2,美食,中餐,其它地方菜,5
1547,1548,沈阳,143,1,0.0,0.0,1,美食,快餐,中式快餐,2
1548,1549,杭州,901,10,3.0,1.0,1,美食,休闲食品,生鲜水果,5
1549,1550,上海,950,7,2.0,1.0,1,美食,休闲食品,生鲜水果,5
1550,1551,上海,709,9,3.0,3.0,3,美食,快餐,中式快餐,5
1551,1552,福州,876,8,2.0,4.0,3,美食,快餐,西式快餐,3
1552,1553,南宁,793,13,3.0,9.0,3,美食,快餐,西式快餐,2
1553,1554,杭州,250,1,3.0,1.0,1,美食,小吃,面点,5
1554,1555,南京,210,12,3.0,4.0,3,美食,烘焙糕点,面包,5
1555,1556,漳州,307,1,2.0,1.0,1,美食,快餐,中式快餐,1
1556,1557,嘉兴,92,13,3.0,18.0,3,美食,快餐,西式快餐,2
1557,1558,杭州,1093,6,3.0,2.0,1,美食,休闲茶饮,奶茶,5
1558,1559,武汉,435,16,2.0,4.0,3,美食,小吃,其它小吃,5
1559,1560,舟山,169,14,3.0,14.0,3,美食,快餐,西式快餐,1
1560,1561,上海,924,12,2.0,1.0,1,美食,快餐,中式快餐,5
1561,1562,苏州,613,8,3.0,1.0,1,美食,休闲食品,零食,4
1562,1563,苏州,1049,18,3.0,1.0,1,美食,休闲食品,生鲜水果,4
1563,1564,宁波,279,13,3.0,8.0,3,美食,快餐,西式快餐,3
1564,1565,杭州,865,12,3.0,1.0,1,美食,休闲食品,生鲜水果,5
1565,1566,北京,866,6,,,1,超市便利店,便利店,,5
1566,1567,上海,642,17,4.0,1.0,1,美食,快餐,西式快餐,5
1567,1568,武汉,831,12,3.0,13.0,3,美食,快餐,西式快餐,5
1568,1569,珠海,999,1,3.0,2.0,1,美食,休闲食品,生鲜水果,1
1569,1570,杭州,286,4,4.0,0.0,2,超市便利店,便利店,,5
1570,1571,温州,7,1,2.0,0.0,1,美食,休闲茶饮,奶茶,4
1571,1572,武汉,1024,11,3.0,2.0,2,美食,烘焙糕点,蛋糕,5
1572,1573,绍兴,1063,4,4.0,0.0,2,超市便利店,便利店,,3
1573,1574,无锡,896,12,3.0,5.0,3,美食,快餐,西式快餐,3
1574,1575,三明,409,16,,,2,超市便利店,超市,,1
1575,1576,佛山,698,7,3.0,5.0,3,美食,快餐,西式快餐,2
1576,1577,沈阳,920,6,4.0,3.0,3,美食,快餐,西式快餐,2
1577,1578,郑州,1151,1,1.0,0.0,1,美食,中餐,其它地方菜,2
1578,1579,南京,399,20,3.0,2.0,1,美食,中餐,其它地方菜,5
1579,1580,苏州,389,20,3.0,0.0,2,超市便利店,超市,,4
1580,1581,重庆,803,8,3.0,5.0,3,美食,休闲茶饮,饮品/甜点,2
1581,1582,苏州,306,11,3.0,6.0,3,美食,快餐,西式快餐,4
1582,1583,上海,630,9,3.0,10.0,3,美食,快餐,西式快餐,5
1583,1584,上海,359,18,,,1,超市便利店,超市,,5
1584,1585,北京,388,12,2.0,1.0,1,美食,小吃,面点,5
1585,1586,石河子,54,16,3.0,5.0,3,美食,快餐,西式快餐,1
1586,1587,宁德,1133,16,3.0,1.0,1,美食,烘焙糕点,蛋糕,1
1587,1588,佛山,292,8,3.0,5.0,3,美食,快餐,西式快餐,2
1588,1589,上海,1003,6,4.0,3.0,1,美食,休闲茶饮,奶茶,5
1589,1590,杭州,1046,8,2.0,2.0,3,美食,休闲食品,生鲜水果,5
1590,1591,成都,151,5,3.0,2.0,1,美食,快餐,中式快餐,3
1591,1592,郑州,799,13,3.0,6.0,3,美食,快餐,西式快餐,2
1592,1593,绵阳,241,13,2.0,6.0,3,美食,快餐,西式快餐,1
1593,1594,上海,1032,13,2.0,3.0,2,美食,快餐,西式快餐,5
1594,1595,福州,226,19,2.0,2.0,1,美食,中餐,其它地方菜,3
1595,1596,南京,583,1,3.0,2.0,1,美食,小吃,面点,5
1596,1597,深圳,195,4,1.0,1.0,1,美食,快餐,中式快餐,4
1597,1598,石家庄,879,3,3.0,0.0,2,超市便利店,便利店,,1
1598,1599,上海,554,15,3.0,1.0,1,美食,小吃,其它小吃,5
1599,1600,广州,552,16,1.0,2.0,1,美食,快餐,中式快餐,5
1600,1601,杭州,40,14,3.0,1.0,3,美食,休闲食品,生鲜水果,5
1601,1602,常州,452,12,3.0,5.0,3,美食,快餐,西式快餐,2
1602,1603,南京,1126,8,3.0,3.0,1,美食,小吃,其它小吃,5
1603,1604,武汉,905,17,3.0,1.0,3,美食,休闲食品,零食,5
1604,1605,宁波,133,18,2.0,0.0,2,超市便利店,超市,,3
1605,1606,广州,552,16,2.0,3.0,1,美食,中餐,其它地方菜,5
1606,1607,南通,238,15,3.0,1.0,2,美食,快餐,西式快餐,2
1607,1608,昆明,509,3,2.0,1.0,1,美食,休闲食品,生鲜水果,1
1608,1609,杭州,124,13,3.0,3.0,3,美食,休闲食品,生鲜水果,5
1609,1610,杭州,378,5,3.0,2.0,1,美食,烘焙糕点,蛋糕,5
1610,1611,沈阳,475,19,,,2,超市便利店,超市,,2
1611,1612,武汉,606,4,,,1,超市便利店,便利店,,5
1612,1613,上海,341,3,,,2,超市便利店,便利店,,5
1613,1614,东莞,771,18,4.0,0.0,1,超市便利店,超市,,2
1614,1615,上海,900,1,4.0,0.0,2,超市便利店,便利店,,5
1615,1616,上海,833,18,,,2,超市便利店,超市,,5
1616,1617,广州,746,2,4.0,0.0,2,超市便利店,便利店,,5
1617,1618,深圳,12,14,2.0,9.0,3,美食,快餐,西式快餐,4
1618,1619,上海,501,6,3.0,4.0,1,美食,休闲茶饮,奶茶,5
1619,1620,厦门,1107,2,1.0,0.0,1,美食,快餐,中式快餐,3
1620,1621,广州,710,1,3.0,3.0,1,美食,休闲茶饮,饮品/甜点,5
1621,1622,上海,882,5,,,2,超市便利店,便利店,,5
1622,1623,常州,121,12,3.0,20.0,3,美食,快餐,西式快餐,2
1623,1624,杭州,621,13,3.0,20.0,3,美食,快餐,西式快餐,5
1624,1625,无锡,1060,11,,,1,超市便利店,超市,,3
1625,1626,杭州,280,5,3.0,2.0,1,美食,其他美食,自助餐,5
1626,1627,南京,972,8,3.0,7.0,3,美食,快餐,西式快餐,5
1627,1628,杭州,1094,9,2.0,3.0,3,美食,中餐,江浙菜,5
1628,1629,苏州,1147,20,3.0,2.0,2,超市便利店,超市,,4
1629,1630,南京,953,5,3.0,1.0,1,美食,小吃,其它小吃,5
1630,1631,广州,335,4,2.0,6.0,1,美食,休闲食品,生鲜水果,5
1631,1632,武汉,510,4,,,1,超市便利店,便利店,,5
1632,1633,重庆,178,6,3.0,5.0,1,美食,汤/粥/煲/砂锅/炖菜,砂锅/煲类/炖菜,2
1633,1634,苏州,1026,8,3.0,0.0,2,超市便利店,超市,,4
1634,1635,泰州,785,12,3.0,2.0,3,美食,休闲茶饮,饮品/甜点,1
1635,1636,北京,137,6,3.0,2.0,1,美食,快餐,中式快餐,5
1636,1637,上海,882,5,1.0,3.0,1,美食,快餐,中式快餐,5
1637,1638,上海,694,10,3.0,2.0,1,美食,烘焙糕点,蛋糕,5
1638,1639,上海,1054,20,2.0,3.0,3,美食,其他美食,西餐,5
1639,1640,上海,1061,8,2.0,1.0,1,美食,休闲食品,生鲜水果,5
1640,1641,杭州,280,14,3.0,1.0,1,美食,小吃,米粉/米线,5
1641,1642,广州,552,7,3.0,5.0,1,美食,烘焙糕点,其它烘焙糕点,5
1642,1643,东莞,162,7,3.0,3.0,3,美食,快餐,西式快餐,2
1643,1644,广州,11,13,3.0,7.0,3,美食,烘焙糕点,面包,5
1644,1645,南京,161,5,3.0,2.0,1,美食,休闲茶饮,奶茶,5
1645,1646,玉林,1089,15,2.0,7.0,3,美食,快餐,西式快餐,1
1646,1647,上海,457,12,3.0,12.0,3,美食,快餐,西式快餐,5
1647,1648,宁波,1051,15,,,1,超市便利店,超市,,3
1648,1649,宜昌,483,13,2.0,4.0,3,美食,快餐,西式快餐,1
1649,1650,重庆,748,1,2.0,1.0,1,美食,休闲茶饮,咖啡,2
1650,1651,广州,47,10,2.0,4.0,3,美食,快餐,西式快餐,5
1651,1652,广州,448,8,3.0,1.0,1,美食,烘焙糕点,面包,5
1652,1653,苏州,1142,17,,,1,超市便利店,超市,,4
1653,1654,广州,552,20,1.0,2.0,1,美食,中餐,其它地方菜,5
1654,1655,广州,552,14,2.0,2.0,1,美食,快餐,中式快餐,5
1655,1656,杭州,521,9,3.0,1.0,1,美食,小吃,其它小吃,5
1656,1657,合肥,254,9,,,1,超市便利店,超市,,3
1657,1658,北京,713,7,4.0,10.0,3,美食,休闲茶饮,饮品/甜点,5
1658,1659,嘉兴,302,11,2.0,4.0,2,美食,快餐,中式快餐,2
1659,1660,南昌,351,16,1.0,5.0,3,美食,快餐,西式快餐,2
1660,1661,洛阳,189,18,,,1,超市便利店,超市,,1
1661,1662,广州,242,12,2.0,7.0,3,美食,快餐,西式快餐,5
1662,1663,南宁,636,17,3.0,0.0,2,超市便利店,超市,,2
1663,1664,广州,883,17,3.0,5.0,3,美食,小吃,其它小吃,5
1664,1665,南京,126,4,,,1,超市便利店,超市,,5
1665,1666,襄阳,152,19,,,2,超市便利店,超市,,1
1666,1667,广州,552,7,3.0,15.0,3,美食,休闲茶饮,饮品/甜点,5
1667,1668,上海,937,4,4.0,5.0,1,美食,休闲茶饮,饮品/甜点,5
1668,1669,苏州,412,16,,,1,超市便利店,超市,,4
1669,1670,南京,680,20,4.0,10.0,3,美食,火锅,川味/重庆火锅,5
1670,1671,福州,651,9,2.0,0.0,1,美食,小吃,其它小吃,3
1671,1672,武汉,831,16,3.0,6.0,3,美食,小吃,其它小吃,5
1672,1673,上海,616,18,,,2,超市便利店,超市,,5
1673,1674,温州,585,3,3.0,1.0,1,美食,小吃,其它小吃,4
1674,1675,杭州,850,13,3.0,1.0,1,美食,休闲茶饮,咖啡,5
1675,1676,杭州,286,4,4.0,0.0,2,超市便利店,便利店,,5
1676,1677,济南,23,20,4.0,7.0,3,美食,火锅,川味/重庆火锅,3
1677,1678,南京,1155,15,1.0,1.0,1,美食,快餐,中式快餐,5
1678,1679,成都,345,7,1.0,2.0,1,美食,快餐,中式快餐,3
1679,1680,武汉,1018,4,,,1,超市便利店,便利店,,5
1680,1681,苏州,48,4,3.0,1.0,1,美食,休闲茶饮,奶茶,4
1681,1682,济南,682,7,3.0,6.0,3,美食,快餐,西式快餐,3
1682,1683,上海,626,17,2.0,2.0,2,美食,快餐,中式快餐,5
1683,1684,北京,610,9,3.0,2.0,2,美食,烘焙糕点,面包,5
1684,1685,北京,331,3,1.0,0.0,1,美食,快餐,中式快餐,5
1685,1686,广州,251,2,3.0,0.0,2,超市便利店,便利店,,5
1686,1687,南京,623,18,,,2,超市便利店,超市,,5
1687,1688,珠海,999,2,3.0,1.0,1,美食,快餐,中式快餐,1
1688,1689,广州,807,12,2.0,8.0,3,美食,快餐,西式快餐,5
1689,1690,福州,122,7,3.0,8.0,3,美食,快餐,西式快餐,3
1690,1691,厦门,955,2,2.0,1.0,1,美食,休闲茶饮,饮品/甜点,3
1691,1692,东莞,184,20,,,2,超市便利店,超市,,2
1692,1693,苏州,663,6,2.0,2.0,1,美食,休闲食品,生鲜水果,4
1693,1694,杭州,740,3,2.0,0.0,1,美食,休闲茶饮,饮品/甜点,5
1694,1695,上海,554,4,1.0,0.0,2,超市便利店,便利店,,5
1695,1696,广州,867,3,4.0,0.0,2,超市便利店,便利店,,5
1696,1697,上海,921,5,3.0,3.0,1,美食,休闲茶饮,奶茶,5
1697,1698,武汉,209,1,1.0,0.0,1,美食,快餐,中式快餐,5
1698,1699,上海,647,9,1.0,2.0,3,美食,快餐,中式快餐,5
1699,1700,武汉,435,3,2.0,1.0,1,美食,小吃,面点,5
1700,1701,深圳,79,9,3.0,4.0,1,美食,快餐,中式快餐,4
1701,1702,温州,794,2,4.0,0.0,2,超市便利店,便利店,,4
1702,1703,南京,971,15,1.0,2.0,1,美食,小吃,其它小吃,5
1703,1704,上海,809,8,1.0,4.0,1,美食,快餐,西式快餐,5
1704,1705,上海,545,4,4.0,2.0,1,美食,休闲茶饮,奶茶,5
1705,1706,北京,328,3,,,1,超市便利店,便利店,,5
1706,1707,杭州,485,1,3.0,2.0,1,美食,小吃,面点,5
1707,1708,温州,14,3,3.0,0.0,2,超市便利店,便利店,,4
1708,1709,上海,1033,4,4.0,0.0,2,超市便利店,便利店,,5
1709,1710,武汉,510,17,4.0,0.0,2,超市便利店,超市,,5
1710,1711,杭州,378,3,3.0,0.0,2,超市便利店,便利店,,5
1711,1712,深圳,594,7,2.0,4.0,3,美食,快餐,西式快餐,4
1712,1713,杭州,110,10,3.0,1.0,1,美食,烘焙糕点,面包,5
1713,1714,深圳,1068,3,0.0,2.0,1,美食,快餐,中式快餐,4
1714,1715,深圳,733,20,2.0,1.0,2,美食,火锅,其它火锅,4
1715,1716,杭州,378,7,3.0,3.0,1,美食,小吃,面点,5
1716,1717,重庆,347,19,,,2,超市便利店,超市,,2
1717,1718,南京,680,10,3.0,2.0,2,美食,小吃,熟食,5
1718,1719,杭州,386,3,3.0,2.0,1,美食,快餐,中式快餐,5
1719,1720,广州,155,10,2.0,13.0,2,美食,中餐,粤菜,5
1720,1721,成都,508,2,3.0,1.0,1,美食,中餐,其它地方菜,3
1721,1722,十堰,1042,17,,,1,超市便利店,超市,,1
1722,1723,广州,295,8,3.0,5.0,3,美食,快餐,西式快餐,5
1723,1724,苏州,933,1,2.0,1.0,1,美食,小吃,面点,4
1724,1725,金华,201,2,4.0,2.0,1,美食,休闲茶饮,饮品/甜点,3
1725,1726,北京,588,19,,,2,超市便利店,超市,,5
1726,1727,北京,826,12,3.0,5.0,1,美食,快餐,中式快餐,5
1727,1728,南京,680,4,,,2,超市便利店,便利店,,5
1728,1729,宁波,1132,8,4.0,3.0,1,美食,休闲茶饮,奶茶,3
1729,1730,武汉,1030,19,2.0,4.0,3,美食,其他美食,西餐,5
1730,1731,北京,381,4,3.0,1.0,1,美食,快餐,中式快餐,5
1731,1732,南京,17,12,3.0,4.0,1,美食,烘焙糕点,其它烘焙糕点,5
1732,1733,成都,741,3,3.0,1.0,1,美食,休闲食品,其它休闲食品,3
1733,1734,上海,329,3,4.0,0.0,2,超市便利店,便利店,,5
1734,1735,北京,1066,14,4.0,7.0,3,美食,快餐,西式快餐,5
1735,1736,营口,555,13,4.0,4.0,3,美食,快餐,西式快餐,1
1736,1737,上海,417,12,3.0,1.0,1,美食,小吃,其它小吃,5
1737,1738,福州,802,2,,,1,超市便利店,便利店,,3
1738,1739,上海,609,10,2.0,2.0,1,美食,小吃,其它小吃,5
1739,1740,深圳,1109,2,,,2,超市便利店,便利店,,4
1740,1741,大连,87,19,,,1,超市便利店,超市,,2
1741,1742,上海,662,8,2.0,0.0,1,美食,小吃,面点,5
1742,1743,成都,300,17,4.0,0.0,2,超市便利店,超市,,3
1743,1744,济南,24,14,4.0,9.0,3,美食,快餐,西式快餐,3
1744,1745,杭州,287,13,3.0,20.0,3,美食,快餐,西式快餐,5
1745,1746,上海,640,6,2.0,0.0,2,美食,快餐,中式快餐,5
1746,1747,厦门,59,19,2.0,1.0,1,美食,其他美食,日韩料理,3
1747,1748,黄山,986,13,3.0,7.0,3,美食,快餐,西式快餐,1
1748,1749,上海,544,11,3.0,0.0,1,美食,烘焙糕点,面包,5
1749,1750,宁波,410,12,3.0,6.0,3,美食,快餐,西式快餐,3
1750,1751,武汉,726,18,4.0,0.0,2,超市便利店,超市,,5
1751,1752,台州,856,19,,,2,超市便利店,超市,,1
1752,1753,广州,36,2,3.0,0.0,1,超市便利店,便利店,,5
1753,1754,广州,448,12,3.0,1.0,1,美食,休闲食品,生鲜水果,5
1754,1755,苏州,946,4,3.0,2.0,1,美食,休闲茶饮,奶茶,4
1755,1756,北京,135,16,3.0,5.0,3,美食,中餐,川菜,5
1756,1757,天津,582,20,4.0,5.0,1,购物,本地购物,,2
1757,1758,济南,682,12,3.0,5.0,3,美食,快餐,西式快餐,3
1758,1759,南京,311,5,,,1,超市便利店,超市,,5
1759,1760,泉州,444,9,3.0,6.0,3,美食,休闲茶饮,饮品/甜点,1
1760,1761,南京,399,20,2.0,4.0,3,美食,其他美食,西餐,5
1761,1762,北京,331,4,0.0,1.0,1,美食,快餐,中式快餐,5
1762,1763,北京,160,12,3.0,10.0,3,美食,快餐,西式快餐,5
1763,1764,北京,113,4,3.0,0.0,1,超市便利店,便利店,,5
1764,1765,宁波,245,8,3.0,1.0,1,美食,烘焙糕点,蛋糕,3
1765,1766,上海,148,5,4.0,0.0,2,超市便利店,便利店,,5
1766,1767,沈阳,909,19,,,2,超市便利店,超市,,2
1767,1768,广州,29,2,2.0,0.0,1,超市便利店,便利店,,5
1768,1769,温州,936,1,4.0,1.0,1,美食,休闲茶饮,奶茶,4
1769,1770,西安,101,19,,,2,超市便利店,超市,,2
1770,1771,无锡,180,3,1.0,1.0,1,美食,快餐,中式快餐,3
1771,1772,武汉,324,16,0.0,1.0,1,美食,小吃,其它小吃,5
1772,1773,广州,392,19,0.0,0.0,2,超市便利店,超市,,5
1773,1774,广州,808,4,4.0,0.0,1,超市便利店,便利店,,5
1774,1775,杭州,895,12,3.0,18.0,3,美食,快餐,西式快餐,5
1775,1776,上海,157,11,3.0,6.0,3,美食,快餐,西式快餐,5
1776,1777,杭州,629,10,1.0,1.0,1,美食,快餐,中式快餐,5
1777,1778,台州,600,17,,,1,超市便利店,超市,,1
1778,1779,北京,86,10,3.0,11.0,3,美食,快餐,西式快餐,5
1779,1780,宁德,553,17,4.0,0.0,2,超市便利店,超市,,1
1780,1781,深圳,862,13,2.0,2.0,2,美食,快餐,中式快餐,4
1781,1782,广州,867,2,,,2,超市便利店,便利店,,5
1782,1783,厦门,707,18,,,2,超市便利店,超市,,3
1783,1784,广州,36,8,2.0,11.0,3,美食,快餐,西式快餐,5
1784,1785,广州,11,3,0.0,0.0,1,超市便利店,便利店,,5
1785,1786,绍兴,219,1,4.0,1.0,1,美食,休闲茶饮,奶茶,3
1786,1787,杭州,386,2,4.0,1.0,1,美食,休闲茶饮,奶茶,5
1787,1788,绍兴,1040,3,4.0,1.0,1,美食,汤/粥/煲/砂锅/炖菜,粥,3
1788,1789,武汉,606,4,2.0,1.0,1,美食,快餐,中式快餐,5
1789,1790,北京,77,9,3.0,10.0,3,美食,快餐,西式快餐,5
1790,1791,大连,13,12,3.0,6.0,3,美食,快餐,西式快餐,2
1791,1792,宁波,1051,17,3.0,2.0,3,美食,休闲食品,零食,3
1792,1793,上海,554,13,,,1,超市便利店,超市,,5
1793,1794,西安,1008,19,,,2,超市便利店,超市,,2
1794,1795,深圳,424,10,2.0,4.0,1,美食,快餐,中式快餐,4
1795,1796,南京,680,9,3.0,5.0,1,美食,其他美食,日韩料理,5
1796,1797,上海,1033,2,2.0,1.0,2,美食,烘焙糕点,蛋糕,5
1797,1798,台州,5,10,3.0,0.0,1,美食,快餐,中式快餐,1
1798,1799,温州,1002,1,4.0,1.0,1,美食,休闲食品,生鲜水果,4
1799,1800,哈尔滨,514,16,1.0,4.0,3,美食,快餐,西式快餐,1
1800,1801,南京,399,20,2.0,5.0,3,美食,其他美食,西餐,5
1801,1802,扬州,1011,18,0.0,0.0,2,超市便利店,超市,,1
1802,1803,南通,1090,4,3.0,2.0,1,美食,休闲食品,生鲜水果,2
1803,1804,苏州,654,15,3.0,8.0,3,美食,快餐,西式快餐,4
1804,1805,惠州,83,12,2.0,6.0,3,美食,快餐,西式快餐,1
1805,1806,北京,51,5,4.0,0.0,1,超市便利店,便利店,,5
1806,1807,金华,735,15,3.0,12.0,3,美食,快餐,西式快餐,3
1807,1808,漳州,307,2,3.0,0.0,1,美食,小吃,面点,1
1808,1809,北京,1043,11,2.0,9.0,3,美食,快餐,西式快餐,5
1809,1810,福州,425,8,3.0,1.0,1,美食,休闲食品,零食,3
1810,1811,广州,911,3,4.0,0.0,1,超市便利店,便利店,,5
1811,1812,西安,2,14,3.0,4.0,3,美食,快餐,西式快餐,2
1812,1813,南京,231,3,3.0,1.0,1,美食,休闲茶饮,奶茶,5
1813,1814,南京,575,7,0.0,1.0,1,美食,快餐,中式快餐,5
1814,1815,上海,643,3,4.0,0.0,2,超市便利店,便利店,,5
1815,1816,广州,883,16,1.0,1.0,1,美食,休闲茶饮,咖啡,5
1816,1817,广州,335,10,2.0,10.0,3,美食,快餐,西式快餐,5
1817,1818,绍兴,634,2,4.0,1.0,1,美食,休闲食品,其它休闲食品,3
1818,1819,无锡,177,12,2.0,2.0,2,美食,快餐,中式快餐,3
1819,1820,宁波,299,13,3.0,8.0,3,美食,快餐,西式快餐,3
1820,1821,无锡,177,19,3.0,0.0,2,超市便利店,超市,,3
1821,1822,广州,853,7,1.0,1.0,1,美食,快餐,中式快餐,5
1822,1823,广州,36,20,4.0,8.0,3,美食,火锅,川味/重庆火锅,5
1823,1824,武汉,416,17,3.0,1.0,3,美食,休闲食品,零食,5
1824,1825,西安,1073,2,0.0,0.0,1,美食,快餐,中式快餐,2
1825,1826,重庆,532,19,,,2,超市便利店,超市,,2
1826,1827,上海,153,16,3.0,1.0,1,美食,小吃,面点,5
1827,1828,广州,392,5,3.0,3.0,1,美食,休闲茶饮,奶茶,5
1828,1829,广州,459,11,2.0,14.0,3,美食,快餐,西式快餐,5
1829,1830,孝感,20,15,2.0,4.0,3,美食,快餐,西式快餐,1
1830,1831,深圳,105,3,0.0,5.0,1,美食,快餐,中式快餐,4
1831,1832,绍兴,219,17,,,1,超市便利店,超市,,3
1832,1833,东莞,271,17,4.0,0.0,1,超市便利店,超市,,2
1833,1834,青岛,949,6,4.0,0.0,2,超市便利店,便利店,,3
1834,1835,上海,642,16,3.0,1.0,1,美食,休闲茶饮,咖啡,5
1835,1836,芜湖,384,17,,,2,超市便利店,超市,,1
1836,1837,北京,1101,13,3.0,5.0,3,美食,快餐,西式快餐,5
1837,1838,南京,500,16,,,1,超市便利店,超市,,5
1838,1839,武汉,892,17,3.0,0.0,2,超市便利店,超市,,5
1839,1840,北京,580,17,3.0,3.0,3,美食,小吃,其它小吃,5
1840,1841,上海,91,9,2.0,1.0,3,美食,快餐,中式快餐,5
1841,1842,杭州,1094,4,3.0,2.0,1,美食,休闲食品,生鲜水果,5
1842,1843,上海,341,3,,,2,超市便利店,便利店,,5
1843,1844,金华,136,10,3.0,4.0,3,美食,快餐,西式快餐,3
1844,1845,苏州,496,7,,,1,超市便利店,超市,,4
1845,1846,上海,694,7,3.0,2.0,3,美食,快餐,中式快餐,5
1846,1847,武汉,290,16,1.0,0.0,1,超市便利店,个人护理,,5
1847,1848,通辽,1039,18,,,2,超市便利店,超市,,1
1848,1849,温州,71,3,4.0,0.0,2,超市便利店,便利店,,4
1849,1850,石家庄,879,17,3.0,0.0,1,超市便利店,超市,,1
1850,1851,成都,732,7,2.0,1.0,1,美食,快餐,中式快餐,3
1851,1852,南京,461,15,4.0,0.0,2,超市便利店,超市,,5
1852,1853,北京,114,8,3.0,5.0,3,美食,快餐,西式快餐,5
1853,1854,苏州,22,9,,,1,超市便利店,超市,,4
1854,1855,杭州,261,2,,,1,超市便利店,便利店,,5
1855,1856,深圳,991,7,2.0,2.0,1,美食,小吃,米粉/米线,4
1856,1857,福州,802,2,2.0,1.0,1,美食,快餐,中式快餐,3
1857,1858,武汉,676,3,2.0,1.0,1,美食,快餐,中式快餐,5
1858,1859,广州,853,10,2.0,11.0,3,美食,快餐,西式快餐,5
1859,1860,上海,697,5,3.0,3.0,3,美食,休闲茶饮,奶茶,5
1860,1861,杭州,1093,4,3.0,4.0,3,美食,休闲茶饮,奶茶,5
1861,1862,上海,937,9,3.0,2.0,2,美食,休闲茶饮,冰激凌,5
1862,1863,杭州,485,7,3.0,0.0,1,美食,小吃,面点,5
1863,1864,南京,680,3,4.0,0.0,2,超市便利店,便利店,,5
1864,1865,杭州,250,18,1.0,2.0,1,美食,小吃,其它小吃,5
1865,1866,重庆,116,1,3.0,0.0,1,美食,休闲食品,生鲜水果,2
1866,1867,宁波,436,14,3.0,1.0,1,美食,中餐,海鲜,3
1867,1868,福州,41,12,3.0,3.0,3,美食,休闲茶饮,饮品/甜点,3
1868,1869,阳江,863,18,,,2,超市便利店,超市,,1
1869,1870,上海,662,15,2.0,2.0,2,美食,快餐,中式快餐,5
1870,1871,济宁,989,13,3.0,4.0,3,美食,快餐,西式快餐,1
1871,1872,绍兴,1063,18,,,2,超市便利店,超市,,3
1872,1873,杭州,182,2,4.0,1.0,1,美食,小吃,其它小吃,5
1873,1874,南通,525,16,2.0,8.0,3,美食,快餐,西式快餐,2
1874,1875,上海,1127,2,3.0,0.0,2,超市便利店,便利店,,5
1875,1876,武汉,581,9,3.0,9.0,3,美食,快餐,西式快餐,5
1876,1877,福州,1075,9,3.0,5.0,3,美食,休闲茶饮,饮品/甜点,3
1877,1878,福州,851,2,2.0,1.0,1,美食,休闲食品,生鲜水果,3
1878,1879,宁波,891,15,4.0,0.0,1,超市便利店,超市,,3
1879,1880,南京,73,13,4.0,3.0,1,美食,烘焙糕点,蛋糕,5
1880,1881,福州,408,1,1.0,2.0,1,美食,火锅,其它火锅,3
1881,1882,南通,998,15,3.0,9.0,3,美食,快餐,西式快餐,2
1882,1883,苏州,63,20,4.0,3.0,3,美食,火锅,川味/重庆火锅,4
1883,1884,苏州,990,12,3.0,7.0,3,美食,快餐,西式快餐,4
1884,1885,北京,77,10,3.0,5.0,3,美食,快餐,西式快餐,5
1885,1886,上海,358,16,4.0,0.0,2,超市便利店,超市,,5
1886,1887,上海,694,5,3.0,5.0,3,美食,休闲茶饮,奶茶,5
1887,1888,广州,67,3,4.0,0.0,1,超市便利店,便利店,,5
1888,1889,北京,916,5,3.0,0.0,1,美食,快餐,中式快餐,5
1889,1890,上海,1032,4,4.0,0.0,2,超市便利店,便利店,,5
1890,1891,福州,226,16,0.0,1.0,1,美食,快餐,中式快餐,3
1891,1892,杭州,749,3,3.0,3.0,3,美食,休闲茶饮,奶茶,5
1892,1893,深圳,558,19,1.0,2.0,1,美食,火锅,其它火锅,4
1893,1894,北京,855,3,4.0,0.0,1,超市便利店,便利店,,5
1894,1895,广州,270,5,2.0,5.0,1,美食,烘焙糕点,面包,5
1895,1896,杭州,485,6,3.0,1.0,1,美食,休闲食品,生鲜水果,5
1896,1897,温州,936,1,3.0,1.0,1,美食,中餐,东北菜,4
1897,1898,杭州,1094,10,3.0,10.0,3,美食,快餐,西式快餐,5
1898,1899,合肥,1083,2,3.0,1.0,1,美食,快餐,中式快餐,3
1899,1900,青岛,323,5,4.0,0.0,1,超市便利店,便利店,,3
1900,1901,青岛,1009,19,,,1,超市便利店,超市,,3
1901,1902,杭州,363,11,3.0,2.0,1,美食,休闲食品,生鲜水果,5
1902,1903,绍兴,1063,14,3.0,14.0,3,美食,快餐,西式快餐,3
1903,1904,宁波,207,1,3.0,1.0,1,美食,烘焙糕点,面包,3
1904,1905,武汉,1007,3,,,1,超市便利店,便利店,,5
1905,1906,郑州,736,18,,,2,超市便利店,超市,,2
1906,1907,深圳,706,3,4.0,0.0,1,超市便利店,便利店,,4
1907,1908,武汉,1024,20,1.0,1.0,1,美食,中餐,湖北菜,5
1908,1909,武汉,416,4,3.0,2.0,1,美食,烘焙糕点,面包,5
1909,1910,北京,1146,6,0.0,0.0,2,超市便利店,超市,,5
1910,1911,天津,625,20,4.0,8.0,3,美食,火锅,川味/重庆火锅,2
1911,1912,无锡,115,12,3.0,9.0,3,美食,快餐,西式快餐,3
1912,1913,天津,728,11,4.0,3.0,3,美食,烘焙糕点,蛋糕,2
1913,1914,南京,680,7,,,1,超市便利店,超市,,5
1914,1915,北京,322,10,3.0,3.0,1,美食,快餐,中式快餐,5
1915,1916,温州,585,3,,,2,超市便利店,便利店,,4
1916,1917,绍兴,1063,16,4.0,2.0,1,美食,烘焙糕点,面包,3
1917,1918,长沙,967,2,4.0,3.0,1,美食,休闲食品,生鲜水果,2
1918,1919,南宁,820,14,3.0,5.0,3,美食,快餐,西式快餐,2
1919,1920,广州,57,2,3.0,0.0,1,超市便利店,便利店,,5
1920,1921,泉州,34,17,4.0,0.0,2,超市便利店,超市,,1
1921,1922,广州,932,18,3.0,0.0,2,超市便利店,超市,,5
1922,1923,上海,643,11,2.0,3.0,2,美食,烘焙糕点,面包,5
1923,1924,阜阳,342,14,1.0,9.0,3,美食,快餐,西式快餐,1
1924,1925,大连,87,19,4.0,0.0,2,超市便利店,超市,,2
1925,1926,深圳,332,6,1.0,5.0,2,美食,中餐,粤菜,4
1926,1927,大连,340,2,3.0,1.0,1,美食,休闲食品,生鲜水果,2
1927,1928,杭州,629,15,2.0,20.0,3,美食,快餐,西式快餐,5
1928,1929,厦门,364,2,,,1,超市便利店,便利店,,3
1929,1930,上海,993,7,2.0,2.0,3,美食,快餐,中式快餐,5
1930,1931,深圳,1109,4,0.0,4.0,1,美食,快餐,中式快餐,4
1931,1932,苏州,530,11,,,1,超市便利店,超市,,4
1932,1933,北京,135,18,3.0,3.0,3,美食,火锅,其它火锅,5
1933,1934,衢州,440,15,2.0,7.0,3,美食,快餐,西式快餐,1
1934,1935,嘉兴,393,2,3.0,3.0,1,美食,休闲食品,生鲜水果,2
1935,1936,上海,584,14,2.0,7.0,3,美食,快餐,西式快餐,5
1936,1937,长沙,724,15,,,1,超市便利店,超市,,2
1937,1938,南京,399,19,2.0,3.0,3,美食,火锅,其它火锅,5
1938,1939,北京,268,19,4.0,0.0,2,超市便利店,超市,,5
1939,1940,佛山,292,11,2.0,6.0,3,美食,快餐,西式快餐,2
1940,1941,南京,215,13,4.0,4.0,3,美食,烘焙糕点,面包,5
1941,1942,徐州,125,15,3.0,7.0,3,美食,快餐,西式快餐,1
1942,1943,武汉,1017,2,4.0,5.0,1,美食,烘焙糕点,蛋糕,5
1943,1944,上海,627,16,,,2,超市便利店,超市,,5
1944,1945,北京,502,6,4.0,13.0,3,美食,休闲茶饮,饮品/甜点,5
1945,1946,贵阳,712,19,,,1,超市便利店,超市,,1
1946,1947,石家庄,873,2,4.0,0.0,2,超市便利店,便利店,,1
1947,1948,上海,168,17,,,1,超市便利店,超市,,5
1948,1949,杭州,411,11,4.0,0.0,1,美食,休闲食品,生鲜水果,5
1949,1950,苏州,431,19,,,2,超市便利店,超市,,4
1950,1951,金华,843,15,3.0,9.0,3,美食,快餐,西式快餐,3
1951,1952,莆田,1102,12,2.0,2.0,3,美食,休闲茶饮,饮品/甜点,1
1952,1953,广州,335,19,2.0,1.0,1,美食,火锅,川味/重庆火锅,5
1953,1954,广州,746,18,4.0,0.0,2,超市便利店,超市,,5
1954,1955,上海,185,12,3.0,8.0,3,美食,快餐,西式快餐,5
1955,1956,杭州,631,3,1.0,0.0,2,超市便利店,便利店,,5
1956,1957,上海,554,4,,,2,超市便利店,便利店,,5
1957,1958,沈阳,445,9,3.0,3.0,1,美食,休闲食品,生鲜水果,2
1958,1959,杭州,773,3,3.0,2.0,1,美食,休闲食品,零食,5
1959,1960,烟台,556,7,4.0,9.0,3,美食,休闲茶饮,饮品/甜点,1
1960,1961,广州,36,6,,,1,超市便利店,超市,,5
1961,1962,苏州,449,15,3.0,3.0,1,美食,休闲食品,其它休闲食品,4
1962,1963,温州,585,3,4.0,0.0,2,超市便利店,便利店,,4
1963,1964,杭州,405,8,2.0,0.0,1,美食,快餐,其它快餐,5
1964,1965,苏州,496,8,2.0,3.0,1,美食,休闲食品,生鲜水果,4
1965,1966,杭州,378,5,2.0,1.0,1,美食,小吃,其它小吃,5
1966,1967,上海,1127,18,4.0,0.0,2,超市便利店,超市,,5
1967,1968,上海,168,20,3.0,1.0,1,美食,其他美食,日韩料理,5
1968,1969,上海,833,7,3.0,2.0,1,美食,烘焙糕点,蛋糕,5
1969,1970,大连,1139,17,2.0,0.0,1,超市便利店,超市,,2
1970,1971,上海,642,6,4.0,4.0,1,美食,休闲茶饮,奶茶,5
1971,1972,广州,842,14,2.0,5.0,3,美食,快餐,西式快餐,5
1972,1973,武汉,285,8,4.0,0.0,2,超市便利店,超市,,5
1973,1974,上海,1127,6,4.0,3.0,1,美食,休闲茶饮,奶茶,5
1974,1975,绍兴,418,9,3.0,6.0,1,美食,烘焙糕点,蛋糕,3
1975,1976,湖州,819,7,2.0,3.0,1,美食,小吃,其它小吃,1
1976,1977,南昌,774,6,3.0,3.0,1,美食,快餐,中式快餐,2
1977,1978,南京,680,8,3.0,2.0,1,美食,烘焙糕点,面包,5
1978,1979,天津,462,15,4.0,3.0,1,美食,快餐,其它快餐,2
1979,1980,自贡,1121,17,4.0,0.0,2,超市便利店,超市,,1
1980,1981,南昌,774,2,2.0,0.0,1,美食,休闲食品,生鲜水果,2
1981,1982,潍坊,661,3,2.0,1.0,1,美食,快餐,中式快餐,1
1982,1983,济南,318,1,4.0,0.0,1,美食,烘焙糕点,其它烘焙糕点,3
1983,1984,杭州,1059,7,2.0,1.0,1,美食,快餐,中式快餐,5
1984,1985,上海,1036,15,2.0,17.0,3,美食,快餐,西式快餐,5
1985,1986,广州,60,13,2.0,8.0,3,美食,快餐,西式快餐,5
1986,1987,杭州,850,5,4.0,3.0,1,美食,休闲茶饮,奶茶,5
1987,1988,佛山,559,18,,,2,超市便利店,超市,,2
1988,1989,绍兴,870,15,3.0,2.0,3,美食,快餐,西式快餐,3
1989,1990,郑州,550,12,3.0,9.0,3,美食,快餐,西式快餐,2
1990,1991,上海,1127,5,4.0,0.0,2,超市便利店,便利店,,5
1991,1992,安康,118,19,,,2,超市便利店,超市,,1
1992,1993,南昌,179,4,3.0,0.0,1,美食,休闲茶饮,奶茶,2
1993,1994,上海,478,13,3.0,3.0,3,美食,烘焙糕点,面包,5
1994,1995,苏州,780,16,,,1,超市便利店,超市,,4
1995,1996,南宁,248,6,3.0,1.0,1,美食,快餐,中式快餐,2
1996,1997,上海,924,10,1.0,2.0,1,美食,快餐,中式快餐,5
1997,1998,南通,1090,1,2.0,2.0,1,美食,小吃,面点,2
1998,1999,成都,1134,19,,,2,超市便利店,超市,,3
1999,2000,杭州,378,7,3.0,2.0,1,美食,小吃,面点,5
